datetime,duration,magnitude,ons type,V max,B max,ons_label,t_izmiran
2016-01-01 21:00:00,23,0.67,,490.0,9.8,,2016-01-01 21:00:00
2016-01-03 03:00:00,34,0.46,,486.0,8.2,,2016-01-03 03:00:00
2016-01-05 01:00:00,89,0.7,,618.0,16.1,,2016-01-05 01:00:00
2016-01-11 04:00:00,84,0.96,,606.0,10.5,,2016-01-11 04:00:00
2016-01-16 05:00:00,51,0.95,,387.0,7.0,,2016-01-16 05:00:00
2016-01-18 21:57:00,41,1.85,SSC,383.0,16.9,ICME-shock,2016-01-18 21:57:00
2016-01-21 01:00:00,66,0.72,,568.0,19.2,,2016-01-21 01:00:00
2016-01-24 09:00:00,47,0.6,,501.0,7.6,,2016-01-24 09:00:00
2016-01-26 21:00:00,31,1.1,,381.0,8.9,,2016-01-26 21:00:00
2016-01-28 09:00:00,42,0.8,,361.0,8.5,,2016-01-28 09:00:00
2016-01-30 14:00:00,22,0.56,,285.0,8.7,,2016-01-30 14:00:00
2016-01-31 15:00:00,32,1.01,,314.0,10.4,,2016-01-31 15:00:00
2016-02-02 04:00:00,29,0.6,,371.0,10.1,,2016-02-02 04:00:00
2016-02-03 13:00:00,20,1.7,,415.0,11.1,,2016-02-03 13:00:00
2016-02-04 12:00:00,37,0.95,,484.0,10.8,,2016-02-04 12:00:00
2016-02-06 17:00:00,23,0.28,,449.0,6.2,,2016-02-06 17:00:00
2016-02-07 22:00:00,24,0.59,,454.0,10.3,,2016-02-07 22:00:00
2016-02-09 01:00:00,55,0.78,,422.0,14.4,,2016-02-09 01:00:00
2016-02-11 16:00:00,25,0.59,,362.0,15.1,,2016-02-11 16:00:00
2016-02-12 20:00:00,18,0.72,,401.0,18.5,,2016-02-12 20:00:00
2016-02-13 16:00:00,21,0.36,,420.0,6.9,,2016-02-13 16:00:00
2016-02-14 16:00:00,16,0.6,,407.0,7.3,,2016-02-14 16:00:00
2016-02-15 10:00:00,21,0.88,,442.0,14.1,,2016-02-15 10:00:00
2016-02-16 09:39:00,101,0.94,SI,649.0,15.0,weak-impulse,2016-02-16 09:39:00
2016-02-20 20:00:00,50,0.38,,440.0,7.4,,2016-02-20 20:00:00
2016-02-25 04:00:00,11,0.17,,323.0,7.9,,2016-02-25 04:00:00
2016-02-25 17:00:00,24,0.74,,431.0,11.6,,2016-02-25 17:00:00
2016-02-26 20:00:00,18,0.6,,399.0,6.4,,2016-02-26 20:00:00
2016-02-27 17:00:00,30,1.0,,385.0,7.4,,2016-02-27 17:00:00
2016-02-29 03:00:00,22,0.7,,366.0,6.7,,2016-02-29 03:00:00
2016-03-01 04:00:00,78,1.0,,479.0,12.3,,2016-03-01 04:00:00
2016-03-05 10:00:00,27,1.01,,372.0,17.0,,2016-03-05 10:00:00
2016-03-06 17:00:00,69,1.38,,590.0,20.1,,2016-03-06 17:00:00
2016-03-11 05:00:00,49,1.71,,569.0,22.9,,2016-03-11 05:00:00
2016-03-14 17:14:00,39,0.85,SSC,563.0,19.7,ICME-shock,2016-03-14 17:14:00
2016-03-16 17:00:00,35,1.13,,575.0,9.6,,2016-03-16 17:00:00
2016-03-18 12:00:00,33,0.63,,468.0,8.9,,2016-03-18 12:00:00
2016-03-20 07:00:00,25,0.31,,429.0,7.5,,2016-03-20 07:00:00
2016-03-22 03:00:00,18,0.44,,437.0,7.1,,2016-03-22 03:00:00
2016-03-23 00:00:00,29,0.97,,469.0,9.5,,2016-03-23 00:00:00
2016-03-24 09:00:00,43,0.91,,555.0,7.8,,2016-03-24 09:00:00
2016-03-26 15:00:00,30,0.65,,426.0,11.9,,2016-03-26 15:00:00
2016-03-28 01:00:00,77,0.68,,555.0,8.4,,2016-03-28 01:00:00
2016-04-02 14:31:00,27,1.02,SSC,512.0,14.6,ICME-shock,2016-04-02 14:31:00
2016-04-03 21:00:00,36,0.4,,417.0,8.6,,2016-04-03 21:00:00
2016-04-07 12:00:00,36,1.15,,390.0,12.1,,2016-04-07 12:00:00
2016-04-10 04:00:00,37,1.15,,397.0,8.7,,2016-04-10 04:00:00
2016-04-12 09:00:00,25,1.19,,617.0,15.3,,2016-04-12 09:00:00
2016-04-13 13:00:00,17,1.03,,562.0,7.5,,2016-04-13 13:00:00
2016-04-14 07:35:00,24,1.33,SI,484.0,9.6,weak-impulse,2016-04-14 07:35:00
2016-04-15 11:00:00,17,0.62,,387.0,11.2,,2016-04-15 11:00:00
2016-04-16 06:00:00,18,0.47,,463.0,9.5,,2016-04-16 06:00:00
2016-04-17 02:00:00,28,0.5,,432.0,12.3,,2016-04-17 02:00:00
2016-04-18 10:00:00,26,0.47,,389.0,7.3,,2016-04-18 10:00:00
2016-04-19 15:00:00,19,0.47,,373.0,7.8,,2016-04-19 15:00:00
2016-04-20 13:00:00,34,1.13,,427.0,8.7,,2016-04-20 13:00:00
2016-04-22 05:00:00,28,0.75,,587.0,12.1,,2016-04-22 05:00:00
2016-04-23 16:00:00,70,0.47,,568.0,10.1,,2016-04-23 16:00:00
2016-04-30 04:24:00,29,0.96,SI,405.0,8.9,weak-impulse,2016-04-30 04:24:00
2016-05-01 13:00:00,60,0.81,,573.0,11.0,,2016-05-01 13:00:00
2016-05-04 14:00:00,24,0.33,,445.0,6.7,,2016-05-04 14:00:00
2016-05-05 17:00:00,23,0.92,,410.0,10.8,,2016-05-05 17:00:00
2016-05-06 19:00:00,27,1.31,,528.0,9.9,,2016-05-06 19:00:00
2016-05-08 01:08:00,81,1.93,SI,682.0,16.3,weak-impulse,2016-05-08 01:08:00
2016-05-13 08:00:00,31,0.35,,364.0,9.7,,2016-05-13 08:00:00
2016-05-14 20:00:00,36,1.25,,511.0,13.0,,2016-05-14 20:00:00
2016-05-16 17:00:00,35,0.86,,534.0,7.8,,2016-05-16 17:00:00
2016-05-19 06:00:00,19,1.23,,447.0,7.2,,2016-05-19 06:00:00
2016-05-20 04:00:00,22,0.73,,481.0,8.6,,2016-05-20 04:00:00
2016-05-21 05:00:00,66,0.72,,623.0,10.0,,2016-05-21 05:00:00
2016-05-26 16:00:00,18,0.29,,407.0,8.2,,2016-05-26 16:00:00
2016-05-27 13:00:00,36,0.9,,516.0,12.5,,2016-05-27 13:00:00
2016-05-29 14:00:00,77,0.47,,549.0,7.9,,2016-05-29 14:00:00
2016-06-02 21:00:00,39,0.26,,346.0,4.3,,2016-06-02 21:00:00
2016-06-04 22:00:00,12,0.64,,339.0,11.1,,2016-06-04 22:00:00
2016-06-05 12:00:00,36,1.18,,625.0,17.3,,2016-06-05 12:00:00
2016-06-07 10:00:00,35,0.38,,498.0,6.7,,2016-06-07 10:00:00
2016-06-10 08:00:00,34,0.8,,543.0,12.3,,2016-06-10 08:00:00
2016-06-12 11:00:00,40,1.42,,562.0,10.9,,2016-06-12 11:00:00
2016-06-14 12:00:00,26,1.12,,678.0,14.2,,2016-06-14 12:00:00
2016-06-15 17:00:00,31,0.4,,599.0,10.6,,2016-06-15 17:00:00
2016-06-17 05:00:00,72,0.81,,627.0,6.5,,2016-06-17 05:00:00
2016-06-22 04:00:00,30,1.9,,423.0,13.1,,2016-06-22 04:00:00
2016-06-23 14:00:00,57,0.81,,528.0,9.0,,2016-06-23 14:00:00
2016-06-26 00:00:00,69,0.74,,508.0,8.6,,2016-06-26 00:00:00
2016-06-30 12:00:00,28,0.56,,404.0,8.1,,2016-06-30 12:00:00
2016-07-02 02:00:00,16,0.19,,385.0,4.8,,2016-07-02 02:00:00
2016-07-02 20:00:00,74,0.62,,466.0,12.2,,2016-07-02 20:00:00
2016-07-06 22:00:00,119,3.07,,638.0,13.2,,2016-07-06 22:00:00
2016-07-11 23:00:00,47,0.99,,637.0,8.6,,2016-07-11 23:00:00
2016-07-14 21:00:00,80,0.37,,679.0,6.9,,2016-07-14 21:00:00
2016-07-19 23:51:00,49,2.52,SSC,569.0,27.3,ICME-shock,2016-07-19 23:51:00
2016-07-22 15:00:00,39,0.56,,456.0,8.5,,2016-07-22 15:00:00
2016-07-24 15:25:00,36,0.9,SI,457.0,11.3,weak-impulse,2016-07-24 15:25:00
2016-07-28 01:00:00,16,0.19,,401.0,8.6,,2016-07-28 01:00:00
2016-07-28 19:00:00,61,0.37,,624.0,16.4,,2016-07-28 19:00:00
2016-08-02 07:00:00,22,1.74,,445.0,24.6,,2016-08-02 07:00:00
2016-08-03 08:00:00,36,0.42,,613.0,17.7,,2016-08-03 08:00:00
2016-08-05 04:00:00,61,1.02,,675.0,7.1,,2016-08-05 04:00:00
2016-08-08 21:00:00,113,1.09,,662.0,7.8,,2016-08-08 21:00:00
2016-08-15 15:00:00,25,0.45,,322.0,7.3,,2016-08-15 15:00:00
2016-08-16 19:00:00,35,1.28,,412.0,9.4,,2016-08-16 19:00:00
2016-08-18 13:00:00,27,0.68,,364.0,5.8,,2016-08-18 13:00:00
2016-08-19 19:00:00,29,0.71,,342.0,7.7,,2016-08-19 19:00:00
2016-08-21 04:00:00,30,0.56,,427.0,13.4,,2016-08-21 04:00:00
2016-08-22 22:00:00,18,0.28,,396.0,10.1,,2016-08-22 22:00:00
2016-08-23 19:00:00,63,1.41,,584.0,14.8,,2016-08-23 19:00:00
2016-08-28 12:00:00,28,0.19,,377.0,6.3,,2016-08-28 12:00:00
2016-08-29 20:00:00,44,1.19,,466.0,9.5,,2016-08-29 20:00:00
2016-09-01 03:00:00,129,1.84,,708.0,9.7,,2016-09-01 03:00:00
2016-09-08 00:00:00,29,0.66,,522.0,6.2,,2016-09-08 00:00:00
2016-09-09 15:00:00,35,0.32,,415.0,4.7,,2016-09-09 15:00:00
2016-09-11 12:00:00,58,0.38,,343.0,11.3,,2016-09-11 12:00:00
2016-09-14 01:00:00,35,0.58,,330.0,9.2,,2016-09-14 01:00:00
2016-09-15 20:00:00,27,1.08,,312.0,7.8,,2016-09-15 20:00:00
2016-09-17 03:00:00,35,1.49,,348.0,8.6,,2016-09-17 03:00:00
2016-09-18 21:00:00,16,0.46,,375.0,10.1,,2016-09-18 21:00:00
2016-09-19 15:00:00,36,0.85,,727.0,19.9,,2016-09-19 15:00:00
2016-09-21 13:00:00,36,0.4,,542.0,6.5,,2016-09-21 13:00:00
2016-09-23 03:00:00,45,0.4,,417.0,8.2,,2016-09-23 03:00:00
2016-09-25 04:00:00,48,0.95,,504.0,10.8,,2016-09-25 04:00:00
2016-09-27 17:00:00,116,1.34,,705.0,10.0,,2016-09-27 17:00:00
2016-10-04 10:00:00,50,0.47,,552.0,9.7,,2016-10-04 10:00:00
2016-10-10 12:00:00,46,0.63,,410.0,7.2,,2016-10-10 12:00:00
2016-10-12 22:12:00,35,1.27,SSC,439.0,24.1,ICME-shock,2016-10-12 22:12:00
2016-10-14 17:00:00,31,1.05,,544.0,13.7,,2016-10-14 17:00:00
2016-10-16 05:00:00,86,0.78,,735.0,9.2,,2016-10-16 05:00:00
2016-10-22 02:00:00,16,0.29,,350.0,6.0,,2016-10-22 02:00:00
2016-10-22 20:00:00,48,1.22,,443.0,8.7,,2016-10-22 20:00:00
2016-10-25 08:00:00,42,1.31,,735.0,15.8,,2016-10-25 08:00:00
2016-10-27 16:00:00,64,0.66,,662.0,9.7,,2016-10-27 16:00:00
2016-11-01 17:00:00,41,1.1,,509.0,7.9,,2016-11-01 17:00:00
2016-11-03 19:00:00,43,0.84,,408.0,7.6,,2016-11-03 19:00:00
2016-11-07 09:00:00,38,0.51,,324.0,6.1,,2016-11-07 09:00:00
2016-11-09 06:43:00,29,0.7,SSC,372.0,11.8,ICME-shock,2016-11-09 06:43:00
2016-11-10 16:00:00,29,0.33,,491.0,12.8,,2016-11-10 16:00:00
2016-11-12 01:00:00,113,1.27,,735.0,14.9,,2016-11-12 01:00:00
2016-11-20 11:00:00,27,0.34,,361.0,6.8,,2016-11-20 11:00:00
2016-11-21 17:00:00,44,2.51,,500.0,12.6,,2016-11-21 17:00:00
2016-11-24 05:00:00,105,0.8,,668.0,10.9,,2016-11-24 05:00:00
2016-11-28 18:00:00,32,0.5,,474.0,6.3,,2016-11-28 18:00:00
2016-11-30 08:00:00,27,0.39,,377.0,6.9,,2016-11-30 08:00:00
2016-12-01 14:00:00,36,0.58,,384.0,6.1,,2016-12-01 14:00:00
2016-12-03 13:00:00,33,0.38,,320.0,3.7,,2016-12-03 13:00:00
2016-12-05 04:00:00,54,1.01,,355.0,9.8,,2016-12-05 04:00:00
2016-12-07 12:00:00,190,1.92,,710.0,17.1,,2016-12-07 12:00:00
2016-12-16 06:00:00,32,0.34,,386.0,4.5,,2016-12-16 06:00:00
2016-12-17 20:00:00,21,0.65,,434.0,10.6,,2016-12-17 20:00:00
2016-12-18 20:00:00,28,0.91,,371.0,7.2,,2016-12-18 20:00:00
2016-12-20 04:00:00,27,0.79,,422.0,12.8,,2016-12-20 04:00:00
2016-12-21 10:00:00,173,1.47,,745.0,12.4,,2016-12-21 10:00:00
2016-12-31 01:00:00,58,0.93,,556.0,18.3,,2016-12-31 01:00:00
2017-01-02 14:00:00,17,0.29,,393.0,7.4,,2017-01-02 14:00:00
2017-01-03 07:00:00,19,0.44,,523.0,10.5,,2017-01-03 07:00:00
2017-01-04 05:00:00,125,1.28,,744.0,13.9,,2017-01-04 05:00:00
2017-01-09 12:00:00,52,0.33,,677.0,5.3,,2017-01-09 12:00:00
2017-01-12 22:00:00,36,0.52,,389.0,5.9,,2017-01-12 22:00:00
2017-01-16 16:00:00,20,0.56,,320.0,4.8,,2017-01-16 16:00:00
2017-01-17 15:00:00,140,1.11,,611.0,15.9,,2017-01-17 15:00:00
2017-01-24 23:00:00,29,0.53,,352.0,7.3,,2017-01-24 23:00:00
2017-01-26 08:15:00,34,0.74,SSC,636.0,14.1,ICME-shock,2017-01-26 08:15:00
2017-01-28 00:00:00,36,0.33,,556.0,6.9,,2017-01-28 00:00:00
2017-01-30 03:00:00,21,0.37,,539.0,8.9,,2017-01-30 03:00:00
2017-01-31 03:00:00,113,1.37,,753.0,16.8,,2017-01-31 03:00:00
2017-02-05 04:00:00,61,0.57,,640.0,7.6,,2017-02-05 04:00:00
2017-02-08 13:00:00,45,0.74,,460.0,8.0,,2017-02-08 13:00:00
2017-02-11 19:00:00,71,0.68,,370.0,5.4,,2017-02-11 19:00:00
2017-02-15 21:00:00,19,0.42,,384.0,9.8,,2017-02-15 21:00:00
2017-02-16 19:00:00,109,1.08,,586.0,10.2,,2017-02-16 19:00:00
2017-02-21 12:00:00,27,0.52,,441.0,7.8,,2017-02-21 12:00:00
2017-02-22 19:00:00,78,1.03,,649.0,11.0,,2017-02-22 19:00:00
2017-02-27 10:00:00,21,0.25,,407.0,6.8,,2017-02-27 10:00:00
2017-02-28 19:00:00,62,1.66,,714.0,17.4,,2017-02-28 19:00:00
2017-03-03 15:00:00,104,0.44,,695.0,6.1,,2017-03-03 15:00:00
2017-03-08 04:00:00,67,0.51,,555.0,6.3,,2017-03-08 04:00:00
2017-03-11 17:00:00,42,0.48,,418.0,6.9,,2017-03-11 17:00:00
2017-03-15 00:00:00,58,0.75,,408.0,9.0,,2017-03-15 00:00:00
2017-03-18 23:00:00,36,0.32,,323.0,4.6,,2017-03-18 23:00:00
2017-03-20 23:00:00,55,1.12,,687.0,15.0,,2017-03-20 23:00:00
2017-03-23 10:00:00,55,1.35,,645.0,9.2,,2017-03-23 10:00:00
2017-03-25 17:00:00,30,0.18,,464.0,3.7,,2017-03-25 17:00:00
2017-03-27 03:45:00,166,1.38,SSC,708.0,15.3,ICME-shock,2017-03-27 03:45:00
2017-04-04 02:00:00,32,1.4,,440.0,16.2,,2017-04-04 02:00:00
2017-04-05 15:00:00,36,0.49,,497.0,10.4,,2017-04-05 15:00:00
2017-04-07 20:00:00,20,0.28,,597.0,10.0,,2017-04-07 20:00:00
2017-04-08 19:00:00,41,0.34,,599.0,9.0,,2017-04-08 19:00:00
2017-04-10 21:00:00,24,0.34,,490.0,7.3,,2017-04-10 21:00:00
2017-04-13 17:00:00,36,0.66,,446.0,7.9,,2017-04-13 17:00:00
2017-04-16 05:00:00,47,0.35,,359.0,5.2,,2017-04-16 05:00:00
2017-04-18 16:00:00,67,1.64,,605.0,15.3,,2017-04-18 16:00:00
2017-04-21 12:00:00,106,2.22,,761.0,13.1,,2017-04-21 12:00:00
2017-04-26 02:00:00,27,0.43,,577.0,5.1,,2017-04-26 02:00:00
2017-04-29 06:00:00,63,0.76,,399.0,7.6,,2017-04-29 06:00:00
2017-05-04 00:00:00,18,0.32,,351.0,3.5,,2017-05-04 00:00:00
2017-05-04 21:23:00,34,0.42,,399.0,8.0,,2017-05-04 21:23:00
2017-05-06 13:00:00,51,0.68,,387.0,8.5,,2017-05-06 13:00:00
2017-05-09 09:00:00,66,0.38,,398.0,8.4,,2017-05-09 09:00:00
2017-05-13 04:00:00,36,0.23,,341.0,8.8,,2017-05-13 04:00:00
2017-05-15 05:00:00,67,0.99,,608.0,14.9,,2017-05-15 05:00:00
2017-05-18 02:00:00,22,0.72,,437.0,9.4,,2017-05-18 02:00:00
2017-05-19 03:00:00,140,0.93,,733.0,12.4,,2017-05-19 03:00:00
2017-05-27 15:34:00,46,2.83,SSC,401.0,22.8,ICME-shock,2017-05-27 15:34:00
2017-05-30 01:00:00,41,0.88,,539.0,9.2,,2017-05-30 01:00:00
2017-06-01 10:00:00,36,0.41,,432.0,9.5,,2017-06-01 10:00:00
2017-06-03 08:00:00,25,0.5,,480.0,12.1,,2017-06-03 08:00:00
2017-06-04 12:00:00,19,0.15,,433.0,5.0,,2017-06-04 12:00:00
2017-06-05 10:00:00,38,0.38,,380.0,6.9,,2017-06-05 10:00:00
2017-06-08 21:00:00,40,0.28,,327.0,5.2,,2017-06-08 21:00:00
2017-06-11 14:40:00,91,0.62,,527.0,12.7,,2017-06-11 14:40:00
2017-06-16 03:00:00,29,1.03,,623.0,13.7,,2017-06-16 03:00:00
2017-06-17 12:00:00,60,0.46,,594.0,8.3,,2017-06-17 12:00:00
2017-06-21 01:00:00,35,0.67,,346.0,7.0,,2017-06-21 01:00:00
2017-06-22 19:00:00,39,0.46,,389.0,7.7,,2017-06-22 19:00:00
2017-06-24 20:00:00,40,1.16,,548.0,10.0,,2017-06-24 20:00:00
2017-06-26 21:00:00,36,0.43,,519.0,5.9,,2017-06-26 21:00:00
2017-06-28 22:00:00,42,0.32,,438.0,5.7,,2017-06-28 22:00:00
2017-07-01 07:00:00,29,0.62,,494.0,18.2,,2017-07-01 07:00:00
2017-07-03 03:16:00,26,0.41,,440.0,5.7,,2017-07-03 03:16:00
2017-07-04 08:00:00,36,0.32,,358.0,4.5,,2017-07-04 08:00:00
2017-07-06 21:00:00,24,0.35,,416.0,7.2,,2017-07-06 21:00:00
2017-07-09 00:10:00,32,0.51,SSC,598.0,13.5,ICME-shock,2017-07-09 00:10:00
2017-07-10 13:00:00,73,1.04,,646.0,9.7,,2017-07-10 13:00:00
2017-07-16 05:59:00,39,5.41,SSC,625.0,23.7,ICME-shock,2017-07-16 05:59:00
2017-07-18 05:00:00,23,0.54,,606.0,10.2,,2017-07-18 05:00:00
2017-07-19 07:00:00,23,0.24,,425.0,3.5,,2017-07-19 07:00:00
2017-07-20 09:00:00,59,1.51,,715.0,10.3,,2017-07-20 09:00:00
2017-07-23 13:00:00,38,0.67,,702.0,7.9,,2017-07-23 13:00:00
2017-07-25 12:00:00,30,0.5,,642.0,7.1,,2017-07-25 12:00:00
2017-07-26 19:00:00,76,0.62,,525.0,6.9,,2017-07-26 19:00:00
2017-07-31 19:00:00,61,1.37,,455.0,9.8,,2017-07-31 19:00:00
2017-08-03 11:00:00,105,0.83,,711.0,18.6,,2017-08-03 11:00:00
2017-08-11 03:00:00,80,0.71,,602.0,11.6,,2017-08-11 03:00:00
2017-08-15 19:00:00,13,0.23,,377.0,5.5,,2017-08-15 19:00:00
2017-08-16 10:00:00,126,2.32,,752.0,12.5,,2017-08-16 10:00:00
2017-08-21 22:00:00,49,0.74,,613.0,7.9,,2017-08-21 22:00:00
2017-08-27 14:00:00,37,0.48,,345.0,9.3,,2017-08-27 14:00:00
2017-08-29 18:00:00,28,0.44,,381.0,9.7,,2017-08-29 18:00:00
2017-08-31 05:38:00,97,0.9,SSC,638.0,20.8,ICME-shock,2017-08-31 05:38:00
2017-09-04 16:00:00,46,0.56,,604.0,7.5,,2017-09-04 16:00:00
2017-09-06 23:43:00,20,1.42,SSC,581.0,14.4,ICME-shock,2017-09-06 23:43:00
2017-09-07 23:00:00,62,5.76,SSC,817.0,27.3,ICME-shock,2017-09-07 23:00:00
2017-09-10 18:00:00,36,,,632.0,4.3,,2017-09-10 18:00:00
2017-09-12 20:02:00,27,0.85,SSC,621.0,13.7,ICME-shock,2017-09-12 20:02:00
2017-09-14 03:00:00,7,0.22,,370.0,7.0,,2017-09-14 03:00:00
2017-09-14 11:16:00,73,1.76,SSC,715.0,19.9,ICME-shock,2017-09-14 11:16:00
2017-09-17 12:00:00,36,0.56,,673.0,6.6,,2017-09-17 12:00:00
2017-09-24 22:00:00,30,0.55,,397.0,9.7,,2017-09-24 22:00:00
2017-09-26 08:00:00,11,0.18,,322.0,3.4,,2017-09-26 08:00:00
2017-09-27 01:00:00,62,1.35,,697.0,14.2,,2017-09-27 01:00:00
2017-09-30 19:00:00,27,0.35,,490.0,5.2,,2017-09-30 19:00:00
2017-10-02 02:00:00,20,0.3,,480.0,5.2,,2017-10-02 02:00:00
2017-10-03 01:00:00,22,0.4,,413.0,5.8,,2017-10-03 01:00:00
2017-10-05 01:00:00,43,0.82,,448.0,8.8,,2017-10-05 01:00:00
2017-10-07 07:00:00,33,0.59,,441.0,7.4,,2017-10-07 07:00:00
2017-10-09 19:00:00,21,0.2,,337.0,4.1,,2017-10-09 19:00:00
2017-10-10 22:00:00,49,0.8,,559.0,11.6,,2017-10-10 22:00:00
2017-10-13 13:00:00,91,0.86,,713.0,8.9,,2017-10-13 13:00:00
2017-10-19 04:00:00,41,0.38,,470.0,9.6,,2017-10-19 04:00:00
2017-10-21 06:10:00,33,1.0,SSC,481.0,10.0,ICME-shock,2017-10-21 06:10:00
2017-10-22 21:00:00,30,0.5,,395.0,6.6,,2017-10-22 21:00:00
2017-10-24 08:00:00,59,0.78,,614.0,13.4,,2017-10-24 08:00:00
2017-10-27 12:00:00,36,0.43,,458.0,5.3,,2017-10-27 12:00:00
2017-11-01 10:00:00,80,1.8,,422.0,12.6,,2017-11-01 10:00:00
2017-11-07 04:00:00,67,1.48,,655.0,16.1,,2017-11-07 04:00:00
2017-11-10 03:00:00,70,0.47,SI,686.0,7.7,weak-impulse,2017-11-10 03:00:00
2017-11-14 02:00:00,28,0.86,,404.0,8.6,,2017-11-14 02:00:00
2017-11-15 10:00:00,54,0.85,,504.0,14.2,,2017-11-15 10:00:00
2017-11-18 20:00:00,26,0.33,,393.0,4.1,,2017-11-18 20:00:00
2017-11-20 15:00:00,36,1.29,,611.0,13.1,,2017-11-20 15:00:00
2017-11-22 12:00:00,55,0.46,,516.0,7.6,,2017-11-22 12:00:00
2017-11-25 00:34:00,36,0.52,SSC,439.0,7.8,ICME-shock,2017-11-25 00:34:00
2017-11-27 14:42:00,39,0.7,SSC,480.0,9.0,ICME-shock,2017-11-27 14:42:00
2017-11-29 21:00:00,69,1.05,,495.0,9.3,,2017-11-29 21:00:00
2017-12-04 16:13:00,94,1.34,SSC,622.0,12.2,ICME-shock,2017-12-04 16:13:00
2017-12-11 03:00:00,69,0.76,,517.0,10.9,,2017-12-11 03:00:00
2017-12-14 01:00:00,23,0.29,,437.0,6.6,,2017-12-14 01:00:00
2017-12-16 22:00:00,36,0.45,,643.0,11.7,,2017-12-16 22:00:00
2017-12-19 01:00:00,48,0.4,,576.0,7.9,,2017-12-19 01:00:00
2017-12-24 05:00:00,28,0.62,,566.0,13.0,,2017-12-24 05:00:00
2017-12-25 13:00:00,34,0.62,,465.0,8.4,,2017-12-25 13:00:00
2017-12-27 05:00:00,30,0.9,,451.0,8.8,,2017-12-27 05:00:00
2017-12-31 16:00:00,60,0.77,,472.0,11.0,,2017-12-31 16:00:00
2018-01-04 17:00:00,36,0.28,,389.0,4.4,,2018-01-04 17:00:00
2018-01-08 06:48:00,32,1.1,SSC,542.0,17.6,ICME-shock,2018-01-08 06:48:00
2018-01-09 21:00:00,36,0.4,,475.0,6.0,,2018-01-09 21:00:00
2018-01-12 06:00:00,23,0.38,,347.0,5.8,,2018-01-12 06:00:00
2018-01-13 08:00:00,34,0.7,,584.0,12.0,,2018-01-13 08:00:00
2018-01-15 01:00:00,36,0.3,,509.0,6.6,,2018-01-15 01:00:00
2018-01-18 20:00:00,41,0.65,,391.0,9.2,,2018-01-18 20:00:00
2018-01-21 05:00:00,39,0.54,,540.0,11.1,,2018-01-21 05:00:00
2018-01-23 11:00:00,24,0.43,,469.0,4.8,,2018-01-23 11:00:00
2018-01-24 14:00:00,32,0.69,,423.0,10.1,,2018-01-24 14:00:00
2018-01-26 04:00:00,55,0.79,,491.0,7.8,,2018-01-26 04:00:00
2018-01-29 07:00:00,36,0.27,,354.0,7.0,,2018-01-29 07:00:00
2018-01-31 08:00:00,41,0.5,,420.0,8.6,,2018-01-31 08:00:00
2018-02-02 20:00:00,28,0.34,,334.0,4.2,,2018-02-02 20:00:00
2018-02-04 13:00:00,71,0.38,,439.0,8.5,,2018-02-04 13:00:00
2018-02-08 01:00:00,39,0.29,,383.0,6.5,,2018-02-08 01:00:00
2018-02-10 05:00:00,36,0.28,,382.0,9.8,,2018-02-10 05:00:00
2018-02-12 10:00:00,23,0.19,,342.0,4.8,,2018-02-12 10:00:00
2018-02-13 12:00:00,18,0.34,,326.0,5.5,,2018-02-13 12:00:00
2018-02-15 08:35:00,51,1.51,SSC,474.0,14.3,ICME-shock,2018-02-15 08:35:00
2018-02-18 02:00:00,46,0.69,,619.0,8.7,,2018-02-18 02:00:00
2018-02-21 01:00:00,34,0.64,,405.0,6.4,,2018-02-21 01:00:00
2018-02-22 18:00:00,34,1.19,,547.0,9.2,,2018-02-22 18:00:00
2018-02-24 10:00:00,36,0.51,,472.0,7.1,,2018-02-24 10:00:00
2018-02-26 22:00:00,77,0.45,,551.0,9.6,,2018-02-26 22:00:00
2018-03-03 05:00:00,62,0.37,,406.0,11.0,,2018-03-03 05:00:00
2018-03-06 14:00:00,35,0.36,,404.0,6.4,,2018-03-06 14:00:00
2018-03-08 08:00:00,30,0.93,,376.0,7.8,,2018-03-08 08:00:00
2018-03-09 18:06:00,33,0.73,SSC,453.0,15.5,ICME-shock,2018-03-09 18:06:00
2018-03-11 10:00:00,48,0.39,,411.0,4.4,,2018-03-11 10:00:00
2018-03-14 16:00:00,37,0.41,,489.0,9.8,,2018-03-14 16:00:00
2018-03-16 13:00:00,38,0.93,,529.0,12.4,,2018-03-16 13:00:00
2018-03-18 13:00:00,36,0.7,,599.0,10.0,,2018-03-18 13:00:00
2018-03-22 13:00:00,36,1.99,,485.0,9.5,,2018-03-22 13:00:00
2018-03-24 09:00:00,60,0.46,,530.0,8.6,,2018-03-24 09:00:00
2018-03-26 23:00:00,32,0.53,,541.0,6.2,,2018-03-26 23:00:00
2018-03-28 13:00:00,24,0.21,,384.0,4.3,,2018-03-28 13:00:00
2018-03-29 16:00:00,110,0.79,,460.0,7.7,,2018-03-29 16:00:00
2018-04-04 23:00:00,38,0.53,,435.0,7.4,,2018-04-04 23:00:00
2018-04-09 06:00:00,105,0.66,,587.0,8.5,,2018-04-09 06:00:00
2018-04-18 12:00:00,31,0.36,,306.0,7.3,,2018-04-18 12:00:00
2018-04-20 00:21:00,70,1.48,SSC,629.0,20.1,ICME-shock,2018-04-20 00:21:00
2018-04-23 07:00:00,43,0.58,,431.0,5.4,,2018-04-23 07:00:00
2018-04-27 13:00:00,38,0.23,,385.0,7.8,,2018-04-27 13:00:00
2018-04-30 01:00:00,31,0.52,,440.0,7.5,,2018-04-30 01:00:00
2018-05-05 10:25:00,63,0.76,SSC,669.0,15.9,ICME-shock,2018-05-05 10:25:00
2018-05-08 01:00:00,29,0.25,,667.0,8.0,,2018-05-08 01:00:00
2018-05-09 09:00:00,42,0.3,,636.0,5.6,,2018-05-09 09:00:00
2018-05-11 04:00:00,39,0.52,,496.0,8.6,,2018-05-11 04:00:00
2018-05-12 23:00:00,53,0.48,,463.0,10.4,,2018-05-12 23:00:00
2018-05-15 18:00:00,22,0.19,,361.0,4.7,,2018-05-15 18:00:00
2018-05-16 19:00:00,66,1.23,,448.0,9.6,,2018-05-16 19:00:00
2018-05-20 03:00:00,46,0.52,,373.0,5.3,,2018-05-20 03:00:00
2018-05-22 12:18:00,102,0.53,SSC,520.0,10.3,ICME-shock,2018-05-22 12:18:00
2018-05-27 21:00:00,50,0.44,,393.0,7.0,,2018-05-27 21:00:00
2018-05-30 05:00:00,30,0.37,,375.0,5.4,,2018-05-30 05:00:00
2018-05-31 14:46:00,44,0.9,SSC,695.0,12.9,ICME-shock,2018-05-31 14:46:00
2018-06-02 17:00:00,62,0.39,,707.0,6.3,,2018-06-02 17:00:00
2018-06-05 12:00:00,20,0.33,,428.0,7.5,,2018-06-05 12:00:00
2018-06-06 11:00:00,36,0.65,,442.0,10.9,,2018-06-06 11:00:00
2018-06-13 12:00:00,58,0.7,,342.0,6.6,,2018-06-13 12:00:00
2018-06-17 15:00:00,88,1.05,,526.0,19.8,,2018-06-17 15:00:00
2018-06-22 20:00:00,53,1.61,,497.0,14.0,,2018-06-22 20:00:00
2018-06-25 06:00:00,22,0.59,,428.0,9.0,,2018-06-25 06:00:00
2018-06-26 07:00:00,46,0.69,,626.0,11.5,,2018-06-26 07:00:00
2018-06-30 13:00:00,36,0.48,,460.0,4.9,,2018-06-30 13:00:00
2018-07-03 15:00:00,36,0.41,,339.0,7.0,,2018-07-03 15:00:00
2018-07-05 11:00:00,18,0.42,,442.0,12.2,,2018-07-05 11:00:00
2018-07-06 08:00:00,63,0.39,,494.0,7.8,,2018-07-06 08:00:00
2018-07-10 01:00:00,37,0.93,,396.0,11.1,,2018-07-10 01:00:00
2018-07-11 22:00:00,70,0.47,,491.0,9.4,,2018-07-11 22:00:00
2018-07-16 06:00:00,12,0.33,,350.0,9.9,,2018-07-16 06:00:00
2018-07-16 20:00:00,53,0.72,,440.0,14.3,,2018-07-16 20:00:00
2018-07-19 09:00:00,38,0.28,,450.0,6.2,,2018-07-19 09:00:00
2018-07-21 01:00:00,47,0.84,,535.0,9.5,,2018-07-21 01:00:00
2018-07-24 06:00:00,48,0.64,,587.0,13.0,,2018-07-24 06:00:00
2018-07-29 21:00:00,13,0.48,,333.0,6.7,,2018-07-29 21:00:00
2018-07-30 11:58:00,36,0.42,SI,339.0,9.0,weak-impulse,2018-07-30 11:58:00
2018-08-01 11:00:00,80,0.52,,415.0,8.9,,2018-08-01 11:00:00
2018-08-05 06:00:00,44,0.46,,354.0,6.6,,2018-08-05 06:00:00
2018-08-07 13:00:00,42,0.35,,439.0,7.8,,2018-08-07 13:00:00
2018-08-10 03:00:00,21,0.33,,378.0,5.9,,2018-08-10 03:00:00
2018-08-11 03:00:00,30,0.46,,402.0,11.0,,2018-08-11 03:00:00
2018-08-12 14:00:00,29,0.28,,404.0,5.4,,2018-08-12 14:00:00
2018-08-14 23:00:00,44,0.82,,505.0,9.5,,2018-08-14 23:00:00
2018-08-16 19:00:00,62,0.5,,543.0,7.0,,2018-08-16 19:00:00
2018-08-19 18:00:00,73,0.81,,662.0,12.1,,2018-08-19 18:00:00
2018-08-24 07:00:00,17,0.23,,384.0,7.6,,2018-08-24 07:00:00
2018-08-25 02:00:00,32,1.54,,444.0,18.2,,2018-08-25 02:00:00
2018-08-26 15:00:00,76,0.56,,619.0,15.1,,2018-08-26 15:00:00
2018-08-29 23:00:00,28,0.21,,460.0,4.9,,2018-08-29 23:00:00
2018-08-31 07:00:00,36,0.32,,395.0,7.9,,2018-08-31 07:00:00
2018-09-04 06:00:00,46,0.48,,484.0,7.2,,2018-09-04 06:00:00
2018-09-06 23:00:00,36,0.59,,488.0,10.5,,2018-09-06 23:00:00
2018-09-08 22:00:00,29,0.41,,413.0,6.8,,2018-09-08 22:00:00
2018-09-10 16:00:00,70,1.06,,570.0,14.2,,2018-09-10 16:00:00
2018-09-14 15:00:00,36,0.25,,688.0,5.1,,2018-09-14 15:00:00
2018-09-17 02:00:00,74,0.78,,561.0,10.8,,2018-09-17 02:00:00
2018-09-21 16:00:00,17,0.81,,391.0,9.2,,2018-09-21 16:00:00
2018-09-22 11:00:00,55,1.08,,559.0,10.1,,2018-09-22 11:00:00
2018-09-27 18:00:00,27,0.34,,422.0,5.6,,2018-09-27 18:00:00
2018-09-29 00:53:00,36,0.25,SSC,485.0,7.3,ICME-shock,2018-09-29 00:53:00
2018-10-01 11:00:00,57,0.36,,533.0,7.4,,2018-10-01 11:00:00
2018-10-03 20:00:00,36,0.49,,508.0,7.7,,2018-10-03 20:00:00
2018-10-07 08:00:00,65,1.42,,614.0,16.6,,2018-10-07 08:00:00
2018-10-10 12:00:00,36,0.57,,519.0,6.8,,2018-10-10 12:00:00
2018-10-13 05:00:00,87,0.97,,616.0,11.3,,2018-10-13 05:00:00
2018-10-21 01:00:00,46,0.4,,394.0,8.5,,2018-10-21 01:00:00
2018-10-23 11:00:00,36,0.29,,358.0,5.5,,2018-10-23 11:00:00
2018-10-26 03:00:00,62,0.43,,421.0,7.4,,2018-10-26 03:00:00
2018-11-04 07:00:00,61,1.32,,611.0,11.2,,2018-11-04 07:00:00
2018-11-06 23:00:00,55,0.84,,491.0,7.3,,2018-11-06 23:00:00
2018-11-09 13:00:00,101,1.09,,637.0,12.8,,2018-11-09 13:00:00
2018-11-14 07:00:00,30,0.25,,443.0,5.4,,2018-11-14 07:00:00
2018-11-15 17:00:00,36,0.44,,392.0,4.8,,2018-11-15 17:00:00
2018-11-18 05:00:00,36,0.43,,337.0,7.3,,2018-11-18 05:00:00
2018-11-20 01:00:00,73,0.52,,430.0,10.0,,2018-11-20 01:00:00
2018-11-24 10:00:00,35,0.45,,365.0,5.7,,2018-11-24 10:00:00
2018-11-26 04:00:00,22,0.24,,340.0,5.4,,2018-11-26 04:00:00
2018-11-27 05:00:00,39,0.26,,427.0,7.5,,2018-11-27 05:00:00
2018-11-29 05:00:00,29,0.34,,395.0,3.5,,2018-11-29 05:00:00
2018-12-01 03:00:00,44,0.43,,450.0,9.5,,2018-12-01 03:00:00
2018-12-03 10:00:00,63,1.05,,478.0,7.6,,2018-12-03 10:00:00
2018-12-07 05:00:00,43,0.74,,590.0,9.6,,2018-12-07 05:00:00
2018-12-09 11:00:00,80,0.39,,661.0,10.1,,2018-12-09 11:00:00
2018-12-16 21:00:00,55,0.52,,447.0,10.6,,2018-12-16 21:00:00
2018-12-19 07:00:00,58,0.39,,638.0,8.5,,2018-12-19 07:00:00
2018-12-25 03:00:00,53,0.52,,367.0,5.6,,2018-12-25 03:00:00
2018-12-27 23:00:00,41,0.38,,604.0,12.1,,2018-12-27 23:00:00
2018-12-30 01:00:00,38,0.61,,569.0,5.8,,2018-12-30 01:00:00
2018-12-31 23:00:00,36,0.53,,465.0,5.8,,2018-12-31 23:00:00
2019-01-04 12:00:00,83,1.29,,554.0,11.4,,2019-01-04 12:00:00
2019-01-08 06:00:00,40,0.44,,446.0,6.1,,2019-01-08 06:00:00
2019-01-10 14:00:00,47,0.55,,509.0,7.3,,2019-01-10 14:00:00
2019-01-13 01:00:00,19,0.34,,366.0,3.4,,2019-01-13 01:00:00
2019-01-13 23:00:00,31,0.34,,403.0,10.2,,2019-01-13 23:00:00
2019-01-15 11:00:00,28,0.37,,417.0,7.7,,2019-01-15 11:00:00
2019-01-16 19:00:00,64,0.35,,503.0,9.9,,2019-01-16 19:00:00
2019-01-20 19:00:00,20,0.25,,374.0,5.2,,2019-01-20 19:00:00
2019-01-22 15:00:00,14,0.19,,351.0,7.9,,2019-01-22 15:00:00
2019-01-23 08:00:00,89,1.1,,634.0,9.3,,2019-01-23 08:00:00
2019-01-29 00:00:00,36,0.32,,368.0,4.5,,2019-01-29 00:00:00
2019-01-31 05:00:00,11,0.36,,367.0,15.0,,2019-01-31 05:00:00
2019-01-31 18:00:00,77,0.83,,627.0,15.7,,2019-01-31 18:00:00
2019-02-04 00:00:00,33,0.28,,468.0,6.1,,2019-02-04 00:00:00
2019-02-05 18:00:00,42,0.42,,446.0,7.9,,2019-02-05 18:00:00
2019-02-08 08:00:00,51,0.36,,477.0,7.0,,2019-02-08 08:00:00
2019-02-11 07:00:00,33,0.29,,406.0,8.1,,2019-02-11 07:00:00
2019-02-12 22:00:00,67,0.43,,524.0,9.1,,2019-02-12 22:00:00
2019-02-17 22:00:00,25,0.29,,371.0,6.1,,2019-02-17 22:00:00
2019-02-20 02:00:00,17,0.23,,326.0,3.2,,2019-02-20 02:00:00
2019-02-20 20:00:00,67,0.62,,492.0,11.2,,2019-02-20 20:00:00
2019-02-27 08:00:00,98,0.91,,595.0,11.6,,2019-02-27 08:00:00
2019-03-06 06:00:00,63,0.6,,493.0,9.8,,2019-03-06 06:00:00
2019-03-11 11:00:00,45,0.96,,396.0,9.2,,2019-03-11 11:00:00
2019-03-13 19:00:00,27,0.28,,363.0,5.5,,2019-03-13 19:00:00
2019-03-15 02:00:00,31,0.45,,410.0,7.5,,2019-03-15 02:00:00
2019-03-16 20:00:00,36,0.5,,443.0,8.5,,2019-03-16 20:00:00
2019-03-19 04:00:00,6,0.19,,355.0,3.7,,2019-03-19 04:00:00
2019-03-19 10:00:00,46,0.34,,410.0,7.1,,2019-03-19 10:00:00
2019-03-24 23:00:00,39,0.7,,351.0,8.4,,2019-03-24 23:00:00
2019-03-26 23:00:00,26,0.33,,371.0,6.7,,2019-03-26 23:00:00
2019-03-28 04:00:00,37,0.76,,525.0,13.7,,2019-03-28 04:00:00
2019-03-31 03:00:00,41,0.49,,421.0,6.2,,2019-03-31 03:00:00
2019-04-03 13:00:00,71,0.73,,527.0,9.4,,2019-04-03 13:00:00
2019-04-07 18:00:00,38,0.75,,458.0,8.6,,2019-04-07 18:00:00
2019-04-09 22:00:00,102,0.67,,459.0,8.2,,2019-04-09 22:00:00
2019-04-14 18:00:00,32,0.42,,358.0,7.7,,2019-04-14 18:00:00
2019-04-17 19:00:00,67,0.57,,339.0,6.1,,2019-04-17 19:00:00
2019-04-21 15:00:00,41,0.37,,393.0,6.6,,2019-04-21 15:00:00
2019-04-23 18:00:00,25,0.38,,425.0,10.4,,2019-04-23 18:00:00
2019-04-24 22:00:00,39,0.34,,418.0,6.9,,2019-04-24 22:00:00
2019-04-26 22:00:00,66,0.4,,390.0,6.0,,2019-04-26 22:00:00
2019-05-01 13:00:00,42,0.65,,569.0,9.1,,2019-05-01 13:00:00
2019-05-03 18:00:00,54,0.32,,505.0,9.8,,2019-05-03 18:00:00
2019-05-07 19:00:00,30,0.43,,351.0,3.3,,2019-05-07 19:00:00
2019-05-09 06:00:00,31,0.45,,379.0,7.1,,2019-05-09 06:00:00
2019-05-10 17:54:00,70,1.3,SSC,380.0,11.9,ICME-shock,2019-05-10 17:54:00
2019-05-14 00:00:00,35,0.81,,556.0,14.3,,2019-05-14 00:00:00
2019-05-15 18:00:00,45,0.83,,480.0,9.8,,2019-05-15 18:00:00
2019-05-19 19:00:00,48,0.55,,414.0,8.2,,2019-05-19 19:00:00
2019-05-22 04:00:00,22,0.16,,389.0,4.7,,2019-05-22 04:00:00
2019-05-23 05:00:00,36,0.24,,357.0,6.5,,2019-05-23 05:00:00
2019-05-26 22:14:00,34,0.94,SSC,372.0,11.8,ICME-shock,2019-05-26 22:14:00
2019-05-28 15:00:00,74,0.51,,562.0,8.2,,2019-05-28 15:00:00
2019-06-03 02:00:00,23,0.28,,329.0,5.9,,2019-06-03 02:00:00
2019-06-04 09:00:00,36,0.36,,344.0,7.7,,2019-06-04 09:00:00
2019-06-06 09:00:00,35,0.31,,321.0,6.3,,2019-06-06 09:00:00
2019-06-08 10:00:00,54,0.46,,463.0,17.2,,2019-06-08 10:00:00
2019-06-12 06:00:00,29,0.61,,447.0,7.4,,2019-06-12 06:00:00
2019-06-13 15:00:00,58,0.69,,477.0,7.8,,2019-06-13 15:00:00
2019-06-19 12:00:00,31,0.63,,371.0,7.8,,2019-06-19 12:00:00
2019-06-21 02:00:00,33,0.28,,412.0,7.8,,2019-06-21 02:00:00
2019-06-23 16:00:00,42,0.3,,350.0,5.5,,2019-06-23 16:00:00
2019-06-25 20:00:00,30,0.42,,402.0,6.0,,2019-06-25 20:00:00
2019-06-27 12:00:00,35,0.4,,371.0,5.9,,2019-06-27 12:00:00
2019-06-29 14:00:00,29,0.43,,325.0,4.9,,2019-06-29 14:00:00
2019-06-30 23:00:00,36,0.57,,363.0,9.1,,2019-06-30 23:00:00
2019-07-04 18:00:00,34,0.36,,441.0,7.1,,2019-07-04 18:00:00
2019-07-06 11:00:00,28,0.34,,360.0,4.1,,2019-07-06 11:00:00
2019-07-08 20:00:00,18,0.55,,463.0,18.0,,2019-07-08 20:00:00
2019-07-09 17:00:00,75,0.53,,646.0,11.6,,2019-07-09 17:00:00
2019-07-12 22:00:00,28,0.67,,461.0,6.6,,2019-07-12 22:00:00
2019-07-14 21:00:00,52,0.46,,477.0,8.8,,2019-07-14 21:00:00
2019-07-19 21:00:00,33,0.33,,341.0,4.9,,2019-07-19 21:00:00
2019-07-21 18:00:00,70,0.55,,424.0,9.3,,2019-07-21 18:00:00
2019-07-24 20:00:00,26,0.46,,369.0,5.5,,2019-07-24 20:00:00
2019-07-27 09:00:00,49,0.42,,374.0,6.1,,2019-07-27 09:00:00
2019-07-30 11:00:00,72,0.9,,553.0,10.7,,2019-07-30 11:00:00
2019-08-02 12:00:00,35,0.38,,443.0,3.6,,2019-08-02 12:00:00
2019-08-04 08:00:00,15,0.2,,369.0,5.0,,2019-08-04 08:00:00
2019-08-05 03:00:00,79,1.21,,722.0,17.1,,2019-08-05 03:00:00
2019-08-08 14:00:00,53,0.75,,630.0,6.7,,2019-08-08 14:00:00
2019-08-11 15:00:00,13,0.19,,462.0,6.0,,2019-08-11 15:00:00
2019-08-12 06:00:00,66,0.53,,491.0,6.8,,2019-08-12 06:00:00
2019-08-17 02:00:00,41,0.38,,374.0,7.8,,2019-08-17 02:00:00
2019-08-19 04:00:00,19,0.4,,376.0,4.6,,2019-08-19 04:00:00
2019-08-20 02:00:00,44,0.68,,415.0,9.7,,2019-08-20 02:00:00
2019-08-25 10:00:00,37,0.39,,343.0,5.5,,2019-08-25 10:00:00
2019-08-27 01:00:00,61,0.76,,514.0,9.6,,2019-08-27 01:00:00
2019-08-30 06:00:00,44,1.11,,722.0,10.5,,2019-08-30 06:00:00
2019-09-01 13:00:00,59,0.51,,728.0,7.5,,2019-09-01 13:00:00
2019-09-04 12:00:00,32,0.47,,555.0,6.3,,2019-09-04 12:00:00
2019-09-06 02:00:00,36,0.44,,541.0,5.7,,2019-09-06 02:00:00
2019-09-08 11:00:00,28,0.46,,519.0,6.8,,2019-09-08 11:00:00
2019-09-09 22:00:00,36,0.54,,509.0,6.3,,2019-09-09 22:00:00
2019-09-12 16:00:00,20,0.81,,481.0,8.5,,2019-09-12 16:00:00
2019-09-13 15:00:00,32,0.31,,541.0,8.1,,2019-09-13 15:00:00
2019-09-15 06:00:00,21,0.4,,472.0,6.6,,2019-09-15 06:00:00
2019-09-16 08:00:00,30,0.35,,460.0,5.4,,2019-09-16 08:00:00
2019-09-17 18:00:00,36,0.42,,446.0,6.2,,2019-09-17 18:00:00
2019-09-20 18:00:00,56,0.71,,353.0,6.3,,2019-09-20 18:00:00
2019-09-24 09:00:00,28,0.32,,499.0,14.7,,2019-09-24 09:00:00
2019-09-26 16:00:00,20,0.34,,382.0,7.1,,2019-09-26 16:00:00
2019-09-27 12:00:00,99,0.81,,695.0,13.0,,2019-09-27 12:00:00
2019-10-03 19:00:00,28,0.38,,427.0,8.4,,2019-10-03 19:00:00
2019-10-05 08:00:00,37,0.31,,445.0,6.8,,2019-10-05 08:00:00
2019-10-07 12:00:00,32,0.36,,410.0,5.6,,2019-10-07 12:00:00
2019-10-09 01:00:00,17,0.25,,412.0,9.0,,2019-10-09 01:00:00
2019-10-09 20:00:00,55,0.58,,516.0,11.4,,2019-10-09 20:00:00
2019-10-12 19:00:00,32,0.48,,378.0,4.1,,2019-10-12 19:00:00
2019-10-14 14:00:00,37,0.7,,370.0,8.0,,2019-10-14 14:00:00
2019-10-16 03:00:00,37,0.23,,427.0,6.2,,2019-10-16 03:00:00
2019-10-17 17:00:00,37,0.58,,384.0,4.8,,2019-10-17 17:00:00
2019-10-23 12:00:00,18,0.31,,344.0,3.7,,2019-10-23 12:00:00
2019-10-24 08:00:00,36,0.8,,650.0,11.7,,2019-10-24 08:00:00
2019-10-26 05:00:00,58,0.57,,650.0,8.2,,2019-10-26 05:00:00
2019-10-28 15:00:00,25,0.29,,496.0,4.8,,2019-10-28 15:00:00
2019-10-29 19:00:00,24,0.45,,412.0,12.8,,2019-10-29 19:00:00
2019-10-30 22:00:00,61,0.77,,441.0,14.6,,2019-10-30 22:00:00
2019-11-02 22:00:00,29,0.35,,347.0,6.4,,2019-11-02 22:00:00
2019-11-04 07:00:00,59,0.55,,416.0,7.3,,2019-11-04 07:00:00
2019-11-06 22:00:00,36,0.36,,427.0,4.9,,2019-11-06 22:00:00
2019-11-10 06:00:00,13,0.38,,319.0,4.5,,2019-11-10 06:00:00
2019-11-10 21:00:00,42,0.75,,374.0,12.2,,2019-11-10 21:00:00
2019-11-13 02:00:00,36,0.38,,351.0,7.6,,2019-11-13 02:00:00
2019-11-15 13:00:00,21,0.4,,376.0,5.8,,2019-11-15 13:00:00
2019-11-16 13:00:00,39,0.43,,457.0,9.0,,2019-11-16 13:00:00
2019-11-20 15:00:00,19,0.88,,483.0,9.0,,2019-11-20 15:00:00
2019-11-21 13:00:00,36,0.61,,597.0,11.4,,2019-11-21 13:00:00
2019-11-23 13:00:00,70,0.4,,527.0,8.8,,2019-11-23 13:00:00
2019-11-29 15:00:00,38,0.74,,401.0,6.8,,2019-11-29 15:00:00
2019-12-03 22:00:00,36,0.25,,319.0,5.1,,2019-12-03 22:00:00
2019-12-07 07:00:00,48,0.83,,375.0,5.8,,2019-12-07 07:00:00
2019-12-09 20:00:00,70,0.77,,450.0,8.0,,2019-12-09 20:00:00
2019-12-14 12:00:00,60,0.66,,413.0,7.9,,2019-12-14 12:00:00
2019-12-17 23:00:00,85,0.84,,540.0,9.5,,2019-12-17 23:00:00
2019-12-23 23:00:00,27,0.34,,350.0,5.4,,2019-12-23 23:00:00
2019-12-25 06:00:00,78,0.65,,408.0,8.3,,2019-12-25 06:00:00
2019-12-29 19:00:00,47,0.35,,317.0,7.8,,2019-12-29 19:00:00
2020-01-02 15:00:00,33,0.36,,392.0,9.2,,2020-01-02 15:00:00
2020-01-04 10:00:00,28,0.69,,395.0,10.3,,2020-01-04 10:00:00
2020-01-05 18:00:00,50,0.54,,534.0,8.4,,2020-01-05 18:00:00
2020-01-08 13:00:00,78,0.52,,547.0,10.0,,2020-01-08 13:00:00
2020-01-13 08:00:00,36,0.22,,386.0,5.3,,2020-01-13 08:00:00
2020-01-16 00:00:00,24,0.29,,383.0,5.6,,2020-01-16 00:00:00
2020-01-19 07:00:00,36,0.31,,345.0,3.7,,2020-01-19 07:00:00
2020-01-21 12:00:00,61,0.99,,359.0,8.9,,2020-01-21 12:00:00
2020-01-28 19:00:00,38,0.54,,456.0,8.0,,2020-01-28 19:00:00
2020-01-30 17:00:00,32,0.41,,517.0,7.3,,2020-01-30 17:00:00
2020-02-01 07:00:00,47,0.31,,473.0,5.8,,2020-02-01 07:00:00
2020-02-06 03:00:00,76,0.82,,639.0,9.5,,2020-02-06 03:00:00
2020-02-11 02:00:00,24,0.36,,428.0,5.7,,2020-02-11 02:00:00
2020-02-12 05:00:00,36,0.28,,409.0,5.1,,2020-02-12 05:00:00
2020-02-15 06:00:00,30,0.3,,367.0,6.1,,2020-02-15 06:00:00
2020-02-17 19:00:00,27,0.73,,395.0,12.2,,2020-02-17 19:00:00
2020-02-19 01:00:00,36,0.62,,498.0,9.1,,2020-02-19 01:00:00
2020-02-20 22:00:00,68,0.5,,503.0,7.8,,2020-02-20 22:00:00
2020-02-24 19:00:00,36,0.27,,406.0,4.8,,2020-02-24 19:00:00
2020-02-28 09:00:00,25,0.43,,479.0,7.1,,2020-02-28 09:00:00
2020-02-29 13:00:00,36,0.6,,556.0,8.2,,2020-02-29 13:00:00
2020-03-02 11:00:00,30,0.34,,459.0,6.7,,2020-03-02 11:00:00
2020-03-04 05:00:00,36,0.53,,396.0,6.6,,2020-03-04 05:00:00
2020-03-06 05:00:00,28,0.47,,379.0,9.1,,2020-03-06 05:00:00
2020-03-07 13:00:00,34,0.53,,385.0,6.4,,2020-03-07 13:00:00
2020-03-09 05:00:00,34,0.31,,365.0,6.5,,2020-03-09 05:00:00
2020-03-10 15:00:00,25,0.25,,330.0,2.7,,2020-03-10 15:00:00
2020-03-12 06:00:00,59,0.32,,442.0,7.1,,2020-03-12 06:00:00
2020-03-15 15:00:00,29,0.43,,381.0,6.2,,2020-03-15 15:00:00
2020-03-17 00:00:00,30,0.27,,437.0,7.7,,2020-03-17 00:00:00
2020-03-18 11:00:00,44,0.34,,506.0,7.0,,2020-03-18 11:00:00
2020-03-21 03:00:00,26,0.43,,532.0,6.3,,2020-03-21 03:00:00
2020-03-23 11:00:00,48,0.34,,514.0,5.5,,2020-03-23 11:00:00
2020-03-28 06:00:00,44,0.92,,424.0,5.8,,2020-03-28 06:00:00
2020-03-30 13:00:00,56,0.67,,531.0,7.0,,2020-03-30 13:00:00
2020-04-03 14:00:00,31,0.46,,438.0,6.3,,2020-04-03 14:00:00
2020-04-05 02:00:00,20,0.39,,447.0,7.2,,2020-04-05 02:00:00
2020-04-06 13:00:00,22,0.35,,358.0,3.2,,2020-04-06 13:00:00
2020-04-07 20:00:00,36,0.81,,484.0,10.9,,2020-04-07 20:00:00
2020-04-10 12:00:00,23,0.25,,385.0,5.4,,2020-04-10 12:00:00
2020-04-11 14:00:00,53,0.39,,448.0,7.1,,2020-04-11 14:00:00
2020-04-14 03:00:00,53,0.59,,432.0,7.5,,2020-04-14 03:00:00
2020-04-17 07:00:00,36,0.64,,334.0,6.2,,2020-04-17 07:00:00
2020-04-20 02:33:00,27,0.87,SSC,371.0,15.9,ICME-shock,2020-04-20 02:33:00
2020-04-21 08:00:00,54,0.55,,490.0,10.5,,2020-04-21 08:00:00
2020-04-24 17:00:00,20,0.35,,425.0,5.7,,2020-04-24 17:00:00
2020-04-26 12:00:00,53,0.38,,429.0,5.8,,2020-04-26 12:00:00
2020-04-29 08:00:00,31,0.72,,360.0,3.8,,2020-04-29 08:00:00
2020-04-30 20:00:00,49,0.88,,340.0,7.2,,2020-04-30 20:00:00
2020-05-03 19:00:00,26,0.27,,334.0,8.5,,2020-05-03 19:00:00
2020-05-05 13:00:00,36,0.37,,334.0,7.5,,2020-05-05 13:00:00
2020-05-10 16:00:00,36,0.34,,348.0,5.5,,2020-05-10 16:00:00
2020-05-12 04:00:00,71,0.46,,323.0,4.1,,2020-05-12 04:00:00
2020-05-15 09:00:00,27,0.33,,321.0,6.4,,2020-05-15 09:00:00
2020-05-18 17:00:00,79,0.7,,398.0,8.2,,2020-05-18 17:00:00
2020-05-24 11:00:00,40,0.63,,344.0,6.6,,2020-05-24 11:00:00
2020-05-29 19:00:00,63,1.18,,410.0,13.9,,2020-05-29 19:00:00
2020-06-01 18:00:00,59,0.66,,372.0,7.5,,2020-06-01 18:00:00
2020-06-07 09:00:00,52,0.62,,477.0,8.9,,2020-06-07 09:00:00
2020-06-09 18:00:00,54,0.42,,482.0,6.3,,2020-06-09 18:00:00
2020-06-13 02:00:00,78,1.14,,338.0,5.0,,2020-06-13 02:00:00
2020-06-18 10:00:00,64,0.75,,355.0,7.0,,2020-06-18 10:00:00
2020-06-26 18:00:00,15,0.21,,338.0,8.5,,2020-06-26 18:00:00
2020-06-27 11:00:00,36,0.45,,422.0,9.0,,2020-06-27 11:00:00
2020-06-30 03:00:00,19,0.56,,373.0,5.4,,2020-06-30 03:00:00
2020-07-01 01:00:00,44,0.75,,353.0,6.3,,2020-07-01 01:00:00
2020-07-03 01:00:00,7,0.16,,322.0,2.3,,2020-07-03 01:00:00
2020-07-04 16:00:00,27,0.41,,514.0,9.6,,2020-07-04 16:00:00
2020-07-05 22:00:00,48,0.38,,516.0,6.3,,2020-07-05 22:00:00
2020-07-10 11:00:00,37,0.42,,351.0,4.6,,2020-07-10 11:00:00
2020-07-13 03:00:00,46,1.17,,389.0,9.0,,2020-07-13 03:00:00
2020-07-15 03:00:00,83,0.38,,426.0,8.2,,2020-07-15 03:00:00
2020-07-24 03:00:00,68,1.07,,415.0,10.5,,2020-07-24 03:00:00
2020-07-27 01:00:00,49,0.84,,411.0,6.3,,2020-07-27 01:00:00
2020-07-31 10:00:00,35,0.31,,382.0,5.1,,2020-07-31 10:00:00
2020-08-02 05:00:00,78,0.58,,701.0,10.9,,2020-08-02 05:00:00
2020-08-05 22:00:00,31,0.28,,495.0,4.6,,2020-08-05 22:00:00
2020-08-07 05:00:00,23,0.3,,439.0,4.8,,2020-08-07 05:00:00
2020-08-08 16:00:00,23,0.15,,385.0,4.2,,2020-08-08 16:00:00
2020-08-09 23:00:00,23,0.35,,374.0,5.2,,2020-08-09 23:00:00
2020-08-10 23:00:00,75,1.7,,325.0,4.5,,2020-08-10 23:00:00
2020-08-16 06:00:00,49,0.52,,334.0,8.1,,2020-08-16 06:00:00
2020-08-18 21:00:00,40,0.4,,357.0,7.7,,2020-08-18 21:00:00
2020-08-21 07:00:00,37,0.62,,357.0,7.4,,2020-08-21 07:00:00
2020-08-23 04:00:00,36,0.3,,403.0,7.8,,2020-08-23 04:00:00
2020-08-25 10:00:00,49,0.62,,478.0,7.5,,2020-08-25 10:00:00
2020-08-28 15:00:00,36,0.69,,511.0,9.5,,2020-08-28 15:00:00
2020-08-31 09:00:00,78,0.55,,636.0,7.0,,2020-08-31 09:00:00
2020-09-07 02:00:00,32,0.66,,388.0,4.9,,2020-09-07 02:00:00
2020-09-09 04:00:00,54,0.61,,316.0,4.8,,2020-09-09 04:00:00
2020-09-13 18:00:00,41,0.59,,430.0,9.2,,2020-09-13 18:00:00
2020-09-16 08:00:00,16,0.38,,338.0,2.8,,2020-09-16 08:00:00
2020-09-20 23:00:00,60,0.56,,363.0,8.8,,2020-09-20 23:00:00
2020-09-24 04:00:00,84,0.98,,599.0,8.8,,2020-09-24 04:00:00
2020-09-27 17:00:00,92,0.97,,669.0,8.1,,2020-09-27 17:00:00
2020-10-02 03:00:00,36,0.56,,527.0,4.0,,2020-10-02 03:00:00
2020-10-05 08:06:00,35,1.04,,366.0,10.6,,2020-10-05 08:06:00
2020-10-07 07:00:00,37,0.5,,396.0,9.5,,2020-10-07 07:00:00
2020-10-12 12:00:00,44,0.37,,309.0,7.7,,2020-10-12 12:00:00
2020-10-15 18:00:00,26,0.27,,309.0,6.7,,2020-10-15 18:00:00
2020-10-17 02:00:00,47,0.73,,336.0,8.7,,2020-10-17 02:00:00
2020-10-19 14:41:00,32,0.42,SSC,419.0,9.1,ICME-shock,2020-10-19 14:41:00
2020-10-21 05:00:00,52,0.61,,394.0,10.2,,2020-10-21 05:00:00
2020-10-23 13:20:00,56,0.91,SSC,584.0,13.3,ICME-shock,2020-10-23 13:20:00
2020-10-30 22:00:00,32,0.55,,414.0,6.2,,2020-10-30 22:00:00
2020-11-01 11:00:00,36,0.34,,396.0,8.6,,2020-11-01 11:00:00
2020-11-05 18:00:00,53,0.99,,502.0,9.5,,2020-11-05 18:00:00
2020-11-08 14:00:00,21,0.63,,448.0,5.2,,2020-11-08 14:00:00
2020-11-09 19:00:00,32,0.34,,351.0,5.4,,2020-11-09 19:00:00
2020-11-11 13:00:00,55,0.38,,415.0,9.0,,2020-11-11 13:00:00
2020-11-16 11:00:00,40,0.61,,313.0,5.6,,2020-11-16 11:00:00
2020-11-19 11:00:00,32,0.39,,384.0,7.3,,2020-11-19 11:00:00
2020-11-21 12:00:00,60,0.7,,635.0,10.6,,2020-11-21 12:00:00
2020-11-26 14:00:00,49,0.62,,454.0,8.0,,2020-11-26 14:00:00
2020-11-28 20:00:00,30,0.4,,423.0,7.9,,2020-11-28 20:00:00
2020-11-30 06:00:00,32,0.37,,503.0,8.5,,2020-11-30 06:00:00
2020-12-02 07:00:00,65,1.85,,427.0,6.7,,2020-12-02 07:00:00
2020-12-05 07:00:00,21,0.38,,401.0,7.2,,2020-12-05 07:00:00
2020-12-06 13:00:00,39,0.34,,383.0,6.5,,2020-12-06 13:00:00
2020-12-09 03:00:00,20,0.34,,431.0,9.0,,2020-12-09 03:00:00
2020-12-10 02:00:00,21,0.84,,566.0,12.2,,2020-12-10 02:00:00
2020-12-11 02:00:00,38,0.73,,504.0,6.2,,2020-12-11 02:00:00
2020-12-16 22:00:00,47,0.61,,294.0,6.5,,2020-12-16 22:00:00
2020-12-19 09:00:00,29,0.38,,387.0,9.0,,2020-12-19 09:00:00
2020-12-20 23:00:00,23,0.44,,388.0,10.7,,2020-12-20 23:00:00
2020-12-22 01:00:00,31,0.34,,603.0,7.2,,2020-12-22 01:00:00
2020-12-24 01:00:00,53,0.46,,580.0,4.8,,2020-12-24 01:00:00
2020-12-27 04:00:00,36,0.42,,553.0,7.2,,2020-12-27 04:00:00
2020-12-28 18:00:00,66,0.61,,509.0,6.8,,2020-12-28 18:00:00
2020-12-31 12:00:00,30,0.48,,398.0,3.4,,2020-12-31 12:00:00
2021-01-03 17:00:00,35,0.43,,312.0,8.8,,2021-01-03 17:00:00
2021-01-05 12:00:00,13,0.41,,453.0,16.2,,2021-01-05 12:00:00
2021-01-06 03:00:00,36,0.43,,610.0,14.8,,2021-01-06 03:00:00
2021-01-10 08:00:00,23,0.28,,318.0,6.1,,2021-01-10 08:00:00
2021-01-11 10:31:00,85,1.04,SSC,482.0,14.6,ICME-shock,2021-01-11 10:31:00
2021-01-16 08:00:00,36,0.22,,332.0,5.3,,2021-01-16 08:00:00
2021-01-18 18:00:00,36,0.45,,339.0,8.6,,2021-01-18 18:00:00
2021-01-20 20:00:00,33,0.44,,351.0,5.3,,2021-01-20 20:00:00
2021-01-22 16:00:00,26,0.64,,342.0,7.3,,2021-01-22 16:00:00
2021-01-23 21:00:00,16,0.36,,391.0,8.3,,2021-01-23 21:00:00
2021-01-24 15:00:00,46,0.67,,624.0,10.3,,2021-01-24 15:00:00
2021-01-27 01:00:00,41,0.62,,562.0,5.2,,2021-01-27 01:00:00
2021-01-31 00:00:00,39,0.59,,332.0,4.9,,2021-01-31 00:00:00
2021-02-02 00:00:00,79,1.25,,597.0,16.8,,2021-02-02 00:00:00
2021-02-06 14:00:00,36,0.55,,545.0,10.8,,2021-02-06 14:00:00
2021-02-08 20:00:00,76,0.83,,477.0,7.0,,2021-02-08 20:00:00
2021-02-13 01:00:00,36,0.61,,524.0,10.9,,2021-02-13 01:00:00
2021-02-15 18:00:00,36,0.5,,431.0,10.6,,2021-02-15 18:00:00
2021-02-19 11:00:00,87,1.67,,603.0,12.0,,2021-02-19 11:00:00
2021-02-23 02:00:00,24,0.45,,597.0,6.3,,2021-02-23 02:00:00
2021-02-24 05:00:00,29,1.03,,504.0,9.1,,2021-02-24 05:00:00
2021-02-26 13:00:00,46,0.38,,462.0,5.6,,2021-02-26 13:00:00
2021-02-28 23:00:00,28,1.23,,500.0,13.3,,2021-02-28 23:00:00
2021-03-02 07:00:00,64,0.74,,690.0,10.6,,2021-03-02 07:00:00
2021-03-06 01:00:00,92,0.88,,581.0,10.1,,2021-03-06 01:00:00
2021-03-11 19:00:00,21,0.47,,381.0,8.7,,2021-03-11 19:00:00
2021-03-12 22:00:00,81,0.91,,580.0,12.5,,2021-03-12 22:00:00
2021-03-17 10:00:00,18,0.32,,358.0,6.9,,2021-03-17 10:00:00
2021-03-18 04:00:00,14,0.29,,339.0,4.3,,2021-03-18 04:00:00
2021-03-20 01:00:00,27,1.63,,653.0,17.5,,2021-03-20 01:00:00
2021-03-21 08:00:00,48,0.46,,670.0,6.9,,2021-03-21 08:00:00
2021-03-23 21:00:00,21,0.34,,469.0,5.0,,2021-03-23 21:00:00
2021-03-24 21:00:00,21,0.43,,433.0,8.1,,2021-03-24 21:00:00
2021-03-25 21:00:00,27,0.42,,469.0,6.0,,2021-03-25 21:00:00
2021-03-27 18:00:00,46,0.46,,442.0,7.0,,2021-03-27 18:00:00
2021-03-30 18:00:00,54,0.55,,412.0,8.2,,2021-03-30 18:00:00
2021-04-02 10:00:00,28,0.73,,392.0,8.9,,2021-04-02 10:00:00
2021-04-04 18:00:00,33,0.73,,337.0,8.8,,2021-04-04 18:00:00
2021-04-06 15:00:00,17,0.33,,327.0,6.8,,2021-04-06 15:00:00
2021-04-07 10:00:00,51,0.9,,487.0,6.2,,2021-04-07 10:00:00
2021-04-11 03:00:00,29,0.41,,361.0,6.4,,2021-04-11 03:00:00
2021-04-12 12:00:00,25,0.41,,379.0,4.5,,2021-04-12 12:00:00
2021-04-13 16:00:00,31,0.39,,451.0,7.0,,2021-04-13 16:00:00
2021-04-15 04:00:00,27,0.83,,412.0,10.4,,2021-04-15 04:00:00
2021-04-16 11:00:00,44,1.12,,654.0,12.2,,2021-04-16 11:00:00
2021-04-18 18:00:00,58,0.44,,654.0,6.2,,2021-04-18 18:00:00
2021-04-21 04:00:00,39,0.36,,570.0,4.2,,2021-04-21 04:00:00
2021-04-23 17:00:00,27,0.36,,489.0,9.8,,2021-04-23 17:00:00
2021-04-25 00:00:00,19,0.55,,502.0,9.4,,2021-04-25 00:00:00
2021-04-25 22:00:00,19,0.88,,497.0,7.2,,2021-04-25 22:00:00
2021-04-26 20:00:00,55,0.31,,484.0,5.2,,2021-04-26 20:00:00
2021-04-29 19:00:00,18,0.36,,349.0,8.5,,2021-04-29 19:00:00
2021-04-30 16:00:00,20,0.54,,351.0,8.4,,2021-04-30 16:00:00
2021-05-01 15:00:00,27,0.8,,376.0,10.4,,2021-05-01 15:00:00
2021-05-02 22:00:00,59,0.66,,475.0,11.3,,2021-05-02 22:00:00
2021-05-09 13:00:00,32,0.71,,364.0,11.3,,2021-05-09 13:00:00
2021-05-12 06:37:00,48,1.24,SSC,511.0,20.6,ICME-shock,2021-05-12 06:37:00
2021-05-14 19:00:00,35,0.31,,449.0,7.9,,2021-05-14 19:00:00
2021-05-16 13:00:00,25,0.42,,392.0,6.2,,2021-05-16 13:00:00
2021-05-17 17:00:00,30,0.61,,396.0,9.1,,2021-05-17 17:00:00
2021-05-19 03:00:00,27,0.48,,378.0,9.2,,2021-05-19 03:00:00
2021-05-20 10:00:00,72,0.5,,577.0,13.9,,2021-05-20 10:00:00
2021-05-25 02:00:00,30,0.32,,332.0,4.1,,2021-05-25 02:00:00
2021-05-26 12:44:00,72,1.71,SSC,433.0,15.2,ICME-shock,2021-05-26 12:44:00
2021-05-29 12:00:00,50,0.36,,482.0,7.7,,2021-05-29 12:00:00
2021-06-02 13:30:00,39,0.65,SSC,329.0,10.5,ICME-shock,2021-06-02 13:30:00
2021-06-04 13:00:00,47,0.47,,437.0,6.3,,2021-06-04 13:00:00
2021-06-07 00:00:00,59,0.98,,520.0,11.4,,2021-06-07 00:00:00
2021-06-11 00:00:00,31,0.92,,361.0,8.6,,2021-06-11 00:00:00
2021-06-12 12:00:00,44,0.56,,488.0,8.5,,2021-06-12 12:00:00
2021-06-15 01:00:00,10,0.67,,388.0,9.8,,2021-06-15 01:00:00
2021-06-15 13:00:00,36,0.45,,614.0,14.7,,2021-06-15 13:00:00
2021-06-17 14:00:00,36,0.74,,531.0,5.0,,2021-06-17 14:00:00
2021-06-20 06:00:00,34,0.39,,425.0,5.5,,2021-06-20 06:00:00
2021-06-21 23:00:00,36,0.44,,386.0,8.3,,2021-06-21 23:00:00
2021-06-24 14:00:00,75,0.65,,412.0,7.5,,2021-06-24 14:00:00
2021-06-30 04:00:00,41,0.87,,515.0,11.5,,2021-06-30 04:00:00
2021-07-02 15:00:00,47,0.41,,539.0,5.7,,2021-07-02 15:00:00
2021-07-05 01:41:00,27,0.44,,349.0,7.9,,2021-07-05 01:41:00
2021-07-06 08:00:00,36,0.46,,387.0,7.6,,2021-07-06 08:00:00
2021-07-09 21:00:00,37,0.55,,446.0,11.3,,2021-07-09 21:00:00
2021-07-12 14:00:00,31,0.48,,341.0,7.2,,2021-07-12 14:00:00
2021-07-14 10:04:00,82,1.22,SSC,506.0,11.5,ICME-shock,2021-07-14 10:04:00
2021-07-19 06:00:00,52,0.97,,505.0,7.2,,2021-07-19 06:00:00
2021-07-22 04:00:00,23,0.35,,439.0,7.3,,2021-07-22 04:00:00
2021-07-26 23:00:00,18,0.2,,330.0,5.6,,2021-07-26 23:00:00
2021-07-27 20:00:00,61,1.34,,567.0,15.3,,2021-07-27 20:00:00
2021-07-30 13:00:00,23,0.28,,488.0,4.7,,2021-07-30 13:00:00
2021-08-02 10:00:00,34,1.2,,409.0,12.5,,2021-08-02 10:00:00
2021-08-04 02:00:00,32,0.27,,344.0,5.9,,2021-08-04 02:00:00
2021-08-06 03:00:00,24,0.34,,337.0,9.6,,2021-08-06 03:00:00
2021-08-07 06:00:00,41,0.44,,463.0,11.9,,2021-08-07 06:00:00
2021-08-09 08:00:00,18,0.21,,376.0,7.2,,2021-08-09 08:00:00
2021-08-10 04:00:00,59,0.67,,476.0,7.2,,2021-08-10 04:00:00
2021-08-13 08:00:00,36,0.37,,449.0,7.6,,2021-08-13 08:00:00
2021-08-15 05:00:00,80,0.55,,476.0,7.5,,2021-08-15 05:00:00
2021-08-19 10:00:00,34,0.45,,360.0,7.6,,2021-08-19 10:00:00
2021-08-21 03:00:00,45,0.46,,358.0,7.5,,2021-08-21 03:00:00
2021-08-24 19:00:00,53,0.52,,399.0,9.1,,2021-08-24 19:00:00
2021-08-27 01:14:00,42,1.79,SSC,415.0,15.8,ICME-shock,2021-08-27 01:14:00
2021-08-29 20:40:00,19,0.6,SI,414.0,9.1,weak-impulse,2021-08-29 20:40:00
2021-08-30 19:00:00,23,0.36,,410.0,5.2,,2021-08-30 19:00:00
2021-08-31 21:00:00,27,0.56,,366.0,5.9,,2021-08-31 21:00:00
2021-09-02 11:00:00,51,0.27,,427.0,6.1,,2021-09-02 11:00:00
2021-09-05 06:00:00,45,0.32,,357.0,6.5,,2021-09-05 06:00:00
2021-09-07 14:00:00,56,0.85,,421.0,9.6,,2021-09-07 14:00:00
2021-09-09 23:00:00,43,0.4,,376.0,14.6,,2021-09-09 23:00:00
2021-09-12 05:00:00,30,0.43,,462.0,9.2,,2021-09-12 05:00:00
2021-09-13 15:00:00,29,0.39,,479.0,6.8,,2021-09-13 15:00:00
2021-09-15 00:00:00,36,0.44,,437.0,5.3,,2021-09-15 00:00:00
2021-09-17 02:00:00,57,1.66,,425.0,14.8,,2021-09-17 02:00:00
2021-09-21 20:00:00,29,0.53,,393.0,8.9,,2021-09-21 20:00:00
2021-09-23 13:00:00,57,0.85,,554.0,8.8,,2021-09-23 13:00:00
2021-09-27 00:00:00,18,0.28,,397.0,10.6,,2021-09-27 00:00:00
2021-09-27 20:00:00,36,0.3,,510.0,13.9,,2021-09-27 20:00:00
2021-09-30 16:00:00,47,1.23,,562.0,12.8,,2021-09-30 16:00:00
2021-10-03 18:00:00,37,0.29,,393.0,5.2,,2021-10-03 18:00:00
2021-10-05 15:00:00,34,0.79,,337.0,12.1,,2021-10-05 15:00:00
2021-10-07 07:00:00,42,0.49,,338.0,8.1,,2021-10-07 07:00:00
2021-10-09 14:00:00,22,0.89,,318.0,7.5,,2021-10-09 14:00:00
2021-10-10 15:00:00,30,1.17,,391.0,11.0,,2021-10-10 15:00:00
2021-10-12 02:26:00,51,1.1,SSC,485.0,15.1,ICME-shock,2021-10-12 02:26:00
2021-10-14 08:00:00,39,0.4,,392.0,5.8,,2021-10-14 08:00:00
2021-10-16 01:00:00,27,1.92,,410.0,9.8,,2021-10-16 01:00:00
2021-10-17 08:00:00,36,1.22,,376.0,12.6,,2021-10-17 08:00:00
2021-10-19 11:00:00,25,0.45,,408.0,8.9,,2021-10-19 11:00:00
2021-10-20 15:00:00,70,0.66,,554.0,10.9,,2021-10-20 15:00:00
2021-10-24 00:00:00,32,0.5,,366.0,5.3,,2021-10-24 00:00:00
2021-10-25 13:00:00,28,0.61,,354.0,7.3,,2021-10-25 13:00:00
2021-10-26 21:00:00,30,0.48,,385.0,5.6,,2021-10-26 21:00:00
2021-10-29 21:00:00,18,0.24,,336.0,6.5,,2021-10-29 21:00:00
2021-10-30 17:00:00,16,0.67,,388.0,8.6,,2021-10-30 17:00:00
2021-10-31 11:00:00,28,0.7,,445.0,11.1,,2021-10-31 11:00:00
2021-11-01 19:00:00,47,0.67,,625.0,13.5,,2021-11-01 19:00:00
2021-11-03 19:42:00,38,9.7,SSC,762.0,22.3,ICME-shock,2021-11-03 19:42:00
2021-11-05 23:56:00,50,0.8,SSC,625.0,8.3,ICME-shock,2021-11-05 23:56:00
2021-11-09 20:00:00,32,0.4,,437.0,5.7,,2021-11-09 20:00:00
2021-11-11 18:00:00,34,0.31,,407.0,6.5,,2021-11-11 18:00:00
2021-11-13 19:00:00,32,0.37,,348.0,4.9,,2021-11-13 19:00:00
2021-11-15 18:00:00,100,1.05,,644.0,16.8,,2021-11-15 18:00:00
2021-11-20 00:00:00,112,0.47,,687.0,8.5,,2021-11-20 00:00:00
2021-11-26 03:00:00,36,0.39,,368.0,6.0,,2021-11-26 03:00:00
2021-11-27 22:51:00,36,0.96,SSC,402.0,15.4,ICME-shock,2021-11-27 22:51:00
2021-11-30 00:00:00,16,0.26,,358.0,4.7,,2021-11-30 00:00:00
2021-11-30 16:00:00,51,1.48,,542.0,13.0,,2021-11-30 16:00:00
2021-12-03 09:00:00,42,0.5,,527.0,8.0,,2021-12-03 09:00:00
2021-12-06 01:00:00,34,0.47,,509.0,5.8,,2021-12-06 01:00:00
2021-12-08 01:00:00,40,0.57,,450.0,4.5,,2021-12-08 01:00:00
2021-12-10 04:00:00,52,1.51,,329.0,8.0,,2021-12-10 04:00:00
2021-12-12 22:00:00,39,1.04,,334.0,8.4,,2021-12-12 22:00:00
2021-12-14 21:00:00,64,0.66,,558.0,13.2,,2021-12-14 21:00:00
2021-12-17 21:00:00,34,0.54,,368.0,5.6,,2021-12-17 21:00:00
2021-12-19 13:11:00,73,1.36,SSC,681.0,17.8,ICME-shock,2021-12-19 13:11:00
2021-12-22 22:00:00,33,0.46,,611.0,5.2,,2021-12-22 22:00:00
2021-12-24 23:00:00,42,0.34,,467.0,5.2,,2021-12-24 23:00:00
2021-12-27 09:36:00,42,1.19,SSC,439.0,13.3,ICME-shock,2021-12-27 09:36:00
2021-12-29 18:00:00,16,0.52,,427.0,17.4,,2021-12-29 18:00:00
2021-12-30 12:00:00,31,0.58,,485.0,5.6,,2021-12-30 12:00:00
2022-01-01 00:00:00,36,1.07,,582.0,9.8,,2022-01-01 00:00:00
2022-01-03 01:00:00,46,0.4,,601.0,8.8,,2022-01-03 01:00:00
2022-01-06 04:00:00,36,0.43,,368.0,5.3,,2022-01-06 04:00:00
2022-01-08 18:01:00,29,2.03,SSC,520.0,18.4,ICME-shock,2022-01-08 18:01:00
2022-01-10 03:00:00,38,0.39,,445.0,5.3,,2022-01-10 03:00:00
2022-01-12 03:00:00,35,0.67,,386.0,7.5,,2022-01-12 03:00:00
2022-01-13 21:00:00,34,0.73,,466.0,15.8,,2022-01-13 21:00:00
2022-01-15 14:00:00,26,0.83,,620.0,11.4,,2022-01-15 14:00:00
2022-01-16 19:09:00,24,0.47,SI,619.0,6.2,weak-impulse,2022-01-16 19:09:00
2022-01-17 22:00:00,22,0.38,,623.0,7.7,,2022-01-17 22:00:00
2022-01-19 00:00:00,36,0.91,,696.0,8.7,,2022-01-19 00:00:00
2022-01-21 13:38:00,56,0.63,SSC,476.0,6.8,ICME-shock,2022-01-21 13:38:00
2022-01-24 15:00:00,20,1.36,,353.0,11.2,,2022-01-24 15:00:00
2022-01-25 14:00:00,26,0.7,,507.0,10.7,,2022-01-25 14:00:00
2022-01-26 19:00:00,20,0.56,,504.0,5.5,,2022-01-26 19:00:00
2022-01-27 18:00:00,24,0.77,,507.0,8.1,,2022-01-27 18:00:00
2022-01-28 21:00:00,21,0.43,,507.0,8.2,,2022-01-28 21:00:00
2022-01-29 21:00:00,50,0.46,,540.0,6.3,,2022-01-29 21:00:00
2022-02-01 22:20:00,41,1.7,SSC,573.0,19.1,ICME-shock,2022-02-01 22:20:00
2022-02-04 01:00:00,27,0.82,,569.0,11.4,,2022-02-04 01:00:00
2022-02-05 08:00:00,23,0.43,,587.0,8.4,,2022-02-05 08:00:00
2022-02-06 10:00:00,31,0.44,,582.0,5.5,,2022-02-06 10:00:00
2022-02-07 22:00:00,21,0.28,,437.0,4.0,,2022-02-07 22:00:00
2022-02-09 21:00:00,32,0.79,SSC,429.0,14.1,ICME-shock,2022-02-09 21:00:00
2022-02-11 10:29:00,36,1.26,SI,576.0,18.4,weak-impulse,2022-02-11 10:29:00
2022-02-13 09:00:00,60,0.47,,516.0,6.2,,2022-02-13 09:00:00
2022-02-16 14:00:00,28,0.6,,382.0,6.9,,2022-02-16 14:00:00
2022-02-17 22:00:00,32,0.41,,346.0,9.7,,2022-02-17 22:00:00
2022-02-19 12:00:00,83,1.28,,560.0,9.9,,2022-02-19 12:00:00
2022-02-23 05:00:00,30,0.45,,513.0,6.0,,2022-02-23 05:00:00
2022-02-24 16:00:00,36,0.66,,450.0,7.5,,2022-02-24 16:00:00
2022-02-27 01:00:00,80,0.47,,547.0,13.3,,2022-02-27 01:00:00
2022-03-03 18:00:00,31,0.3,,460.0,7.5,,2022-03-03 18:00:00
2022-03-05 06:00:00,36,1.35,,580.0,11.0,,2022-03-05 06:00:00
2022-03-07 10:00:00,51,0.45,,489.0,5.3,,2022-03-07 10:00:00
2022-03-10 03:00:00,12,0.27,,366.0,5.4,,2022-03-10 03:00:00
2022-03-10 17:00:00,22,1.06,,405.0,16.1,,2022-03-10 17:00:00
2022-03-11 18:00:00,34,0.89,,406.0,9.6,,2022-03-11 18:00:00
2022-03-13 10:47:00,46,5.89,SSC,535.0,25.9,ICME-shock,2022-03-13 10:47:00
2022-03-15 20:00:00,28,0.32,,424.0,4.6,,2022-03-15 20:00:00
2022-03-17 04:00:00,32,0.29,,391.0,5.4,,2022-03-17 04:00:00
2022-03-19 20:00:00,16,0.29,,325.0,9.8,,2022-03-19 20:00:00
2022-03-20 14:00:00,36,0.64,,334.0,10.1,,2022-03-20 14:00:00
2022-03-22 20:00:00,18,0.43,,394.0,10.1,,2022-03-22 20:00:00
2022-03-23 17:00:00,36,0.47,,567.0,9.6,,2022-03-23 17:00:00
2022-03-26 12:00:00,15,0.41,,435.0,8.4,,2022-03-26 12:00:00
2022-03-27 05:00:00,37,1.27,,548.0,12.4,,2022-03-27 05:00:00
2022-03-29 12:00:00,32,0.39,,420.0,5.2,,2022-03-29 12:00:00
2022-03-31 02:24:00,38,2.57,SSC,595.0,23.4,ICME-shock,2022-03-31 02:24:00
2022-04-02 00:00:00,32,0.55,,572.0,9.7,,2022-04-02 00:00:00
2022-04-03 14:00:00,34,0.54,,511.0,7.3,,2022-04-03 14:00:00
2022-04-05 04:00:00,40,0.51,,441.0,6.3,,2022-04-05 04:00:00
2022-04-06 23:00:00,27,0.87,,433.0,7.1,,2022-04-06 23:00:00
2022-04-08 05:00:00,17,0.58,,386.0,9.6,,2022-04-08 05:00:00
2022-04-09 00:00:00,20,0.5,,383.0,13.6,,2022-04-09 00:00:00
2022-04-09 23:00:00,23,1.12,,496.0,17.8,,2022-04-09 23:00:00
2022-04-11 01:00:00,27,0.27,,559.0,7.2,,2022-04-11 01:00:00
2022-04-12 11:22:00,34,1.1,SSC,507.0,11.1,ICME-shock,2022-04-12 11:22:00
2022-04-14 04:00:00,25,1.43,,546.0,20.5,,2022-04-14 04:00:00
2022-04-15 08:00:00,58,0.46,,675.0,11.9,,2022-04-15 08:00:00
2022-04-17 20:00:00,52,0.52,,604.0,9.4,,2022-04-17 20:00:00
2022-04-20 16:00:00,17,0.84,,411.0,7.8,,2022-04-20 16:00:00
2022-04-21 11:00:00,41,1.46,,464.0,10.4,,2022-04-21 11:00:00
2022-04-23 14:00:00,47,0.58,,493.0,5.7,,2022-04-23 14:00:00
2022-04-27 00:00:00,20,0.43,,476.0,10.9,,2022-04-27 00:00:00
2022-04-27 23:00:00,40,1.43,,535.0,9.5,,2022-04-27 23:00:00
2022-04-30 00:00:00,36,0.7,,507.0,10.8,,2022-04-30 00:00:00
2022-05-01 21:00:00,32,0.34,,492.0,5.8,,2022-05-01 21:00:00
2022-05-05 16:00:00,31,0.52,,401.0,5.8,,2022-05-05 16:00:00
2022-05-08 01:00:00,31,1.1,,346.0,8.2,,2022-05-08 01:00:00
2022-05-09 13:00:00,39,0.7,,317.0,7.1,,2022-05-09 13:00:00
2022-05-11 14:00:00,16,0.43,,319.0,10.8,,2022-05-11 14:00:00
2022-05-12 08:00:00,27,0.52,,351.0,10.5,,2022-05-12 08:00:00
2022-05-13 14:00:00,16,0.33,,343.0,9.7,,2022-05-13 14:00:00
2022-05-14 08:00:00,64,1.16,,601.0,18.5,,2022-05-14 08:00:00
2022-05-17 04:00:00,22,0.4,,606.0,8.7,,2022-05-17 04:00:00
2022-05-18 05:00:00,29,0.48,,514.0,6.2,,2022-05-18 05:00:00
2022-05-19 14:00:00,100,2.38,,602.0,9.3,,2022-05-19 14:00:00
2022-05-25 07:00:00,37,0.67,,378.0,8.0,,2022-05-25 07:00:00
2022-05-27 10:00:00,18,1.86,,482.0,14.5,,2022-05-27 10:00:00
2022-05-28 06:00:00,24,0.32,,543.0,7.7,,2022-05-28 06:00:00
2022-05-29 09:00:00,29,0.53,,637.0,8.0,,2022-05-29 09:00:00
2022-05-30 23:00:00,30,0.55,,549.0,6.3,,2022-05-30 23:00:00
2022-06-01 10:00:00,30,0.35,,459.0,4.6,,2022-06-01 10:00:00
2022-06-02 21:00:00,36,0.49,,357.0,3.9,,2022-06-02 21:00:00
2022-06-05 11:00:00,21,0.64,,295.0,6.1,,2022-06-05 11:00:00
2022-06-06 10:32:00,32,1.51,SSC,337.0,11.7,ICME-shock,2022-06-06 10:32:00
2022-06-08 00:00:00,39,0.32,,332.0,7.3,,2022-06-08 00:00:00
2022-06-10 14:00:00,21,0.93,,328.0,6.8,,2022-06-10 14:00:00
2022-06-11 14:00:00,14,1.47,,373.0,8.4,,2022-06-11 14:00:00
2022-06-12 06:00:00,66,0.85,,560.0,14.8,,2022-06-12 06:00:00
2022-06-15 04:34:00,33,2.96,SSC,617.0,12.5,ICME-shock,2022-06-15 04:34:00
2022-06-16 20:00:00,22,0.52,,630.0,7.9,,2022-06-16 20:00:00
2022-06-17 21:00:00,36,1.29,,636.0,6.2,,2022-06-17 21:00:00
2022-06-20 07:00:00,21,0.39,,659.0,8.9,,2022-06-20 07:00:00
2022-06-21 08:00:00,29,0.49,,545.0,7.8,,2022-06-21 08:00:00
2022-06-22 17:00:00,36,0.41,,501.0,8.3,,2022-06-22 17:00:00
2022-06-24 17:00:00,16,0.69,,445.0,9.6,,2022-06-24 17:00:00
2022-06-25 11:00:00,85,1.41,,672.0,13.2,,2022-06-25 11:00:00
2022-06-29 06:00:00,42,0.47,,521.0,6.2,,2022-06-29 06:00:00
2022-07-01 10:00:00,34,0.77,,356.0,13.7,,2022-07-01 10:00:00
2022-07-03 02:00:00,24,0.75,,349.0,14.1,,2022-07-03 02:00:00
2022-07-04 05:00:00,34,0.88,,468.0,17.8,,2022-07-04 05:00:00
2022-07-05 22:00:00,29,0.57,,356.0,7.3,,2022-07-05 22:00:00
2022-07-07 06:56:00,17,1.82,SSC,404.0,20.9,ICME-shock,2022-07-07 06:56:00
2022-07-08 02:00:00,26,0.95,,417.0,22.1,,2022-07-08 02:00:00
2022-07-09 12:00:00,42,0.4,,388.0,9.8,,2022-07-09 12:00:00
2022-07-11 17:00:00,10,0.29,SI,360.0,15.5,weak-impulse,2022-07-11 17:00:00
2022-07-12 05:00:00,43,3.01,,503.0,15.4,,2022-07-12 05:00:00
2022-07-14 12:00:00,18,0.44,,463.0,9.4,,2022-07-14 12:00:00
2022-07-15 08:00:00,29,0.48,,557.0,7.5,,2022-07-15 08:00:00
2022-07-17 08:00:00,24,0.38,,432.0,5.9,,2022-07-17 08:00:00
2022-07-18 21:19:00,43,3.08,SI,488.0,15.3,weak-impulse,2022-07-18 21:19:00
2022-07-21 05:00:00,30,0.94,,521.0,19.5,,2022-07-21 05:00:00
2022-07-23 02:57:00,18,3.82,SSC,649.0,13.0,ICME-shock,2022-07-23 02:57:00
2022-07-23 23:00:00,36,0.43,,564.0,5.5,,2022-07-23 23:00:00
2022-07-25 23:00:00,21,0.25,,452.0,7.0,,2022-07-25 23:00:00
2022-07-26 23:00:00,19,0.33,,457.0,7.0,,2022-07-26 23:00:00
2022-07-27 21:00:00,50,0.5,,420.0,9.1,,2022-07-27 21:00:00
2022-07-30 12:00:00,20,0.43,,360.0,10.1,,2022-07-30 12:00:00
2022-07-31 11:00:00,48,0.64,,510.0,13.5,,2022-07-31 11:00:00
2022-08-03 00:00:00,66,0.66,,557.0,7.5,,2022-08-03 00:00:00
2022-08-06 17:00:00,22,0.61,,438.0,13.4,,2022-08-06 17:00:00
2022-08-07 18:00:00,35,1.56,,620.0,13.0,,2022-08-07 18:00:00
2022-08-09 12:00:00,41,1.11,,670.0,6.6,,2022-08-09 12:00:00
2022-08-11 16:00:00,28,0.88,,601.0,10.0,,2022-08-11 16:00:00
2022-08-13 00:00:00,27,0.31,,543.0,6.6,,2022-08-13 00:00:00
2022-08-14 19:00:00,22,0.38,,494.0,5.6,,2022-08-14 19:00:00
2022-08-16 02:00:00,22,0.26,,406.0,3.9,,2022-08-16 02:00:00
2022-08-17 02:58:00,49,2.59,SSC,608.0,17.2,ICME-shock,2022-08-17 02:58:00
2022-08-19 17:31:00,23,1.89,SSC,705.0,9.7,ICME-shock,2022-08-19 17:31:00
2022-08-20 19:00:00,55,0.69,,631.0,8.6,,2022-08-20 19:00:00
2022-08-24 04:00:00,44,0.39,,438.0,6.5,,2022-08-24 04:00:00
2022-08-26 01:00:00,28,0.45,,354.0,7.1,,2022-08-26 01:00:00
2022-08-27 06:00:00,36,0.51,,472.0,12.7,,2022-08-27 06:00:00
2022-08-29 03:41:00,21,0.56,SSC,530.0,11.4,ICME-shock,2022-08-29 03:41:00
2022-08-30 04:00:00,14,0.6,,607.0,11.6,,2022-08-30 04:00:00
2022-08-30 20:00:00,27,0.88,,614.0,13.2,,2022-08-30 20:00:00
2022-09-01 03:00:00,24,0.52,,583.0,7.8,,2022-09-01 03:00:00
2022-09-02 06:00:00,21,0.73,,459.0,8.2,,2022-09-02 06:00:00
2022-09-03 06:00:00,16,0.51,,575.0,10.6,,2022-09-03 06:00:00
2022-09-04 00:00:00,19,0.94,,717.0,10.7,,2022-09-04 00:00:00
2022-09-04 22:00:00,93,1.97,,688.0,8.2,,2022-09-04 22:00:00
2022-09-08 23:00:00,30,0.61,,517.0,6.3,,2022-09-08 23:00:00
2022-09-10 10:00:00,34,0.37,,483.0,6.2,,2022-09-10 10:00:00
2022-09-12 02:00:00,31,0.34,,427.0,6.4,,2022-09-12 02:00:00
2022-09-14 02:00:00,17,0.63,,326.0,8.6,,2022-09-14 02:00:00
2022-09-14 21:00:00,39,1.82,,349.0,16.0,,2022-09-14 21:00:00
2022-09-17 01:00:00,19,0.4,,361.0,9.9,,2022-09-17 01:00:00
2022-09-17 23:00:00,32,2.1,,520.0,10.9,,2022-09-17 23:00:00
2022-09-19 12:00:00,13,0.57,,496.0,7.1,,2022-09-19 12:00:00
2022-09-20 03:00:00,28,0.62,,497.0,5.7,,2022-09-20 03:00:00
2022-09-21 11:00:00,19,0.54,,473.0,5.9,,2022-09-21 11:00:00
2022-09-22 09:00:00,32,0.76,,424.0,10.4,,2022-09-22 09:00:00
2022-09-23 22:00:00,56,0.55,,441.0,7.9,,2022-09-23 22:00:00
2022-09-26 23:00:00,34,2.51,,657.0,25.0,,2022-09-26 23:00:00
2022-09-28 15:00:00,32,0.74,,538.0,6.3,,2022-09-28 15:00:00
2022-09-30 05:16:00,30,1.28,SSC,590.0,11.7,ICME-shock,2022-09-30 05:16:00
2022-10-01 16:00:00,24,0.46,,469.0,9.2,,2022-10-01 16:00:00
2022-10-02 20:00:00,26,0.83,,556.0,14.4,,2022-10-02 20:00:00
2022-10-04 01:00:00,34,1.54,,600.0,7.8,,2022-10-04 01:00:00
2022-10-05 17:00:00,34,0.76,,530.0,7.6,,2022-10-05 17:00:00
2022-10-07 12:00:00,22,0.4,,539.0,7.3,,2022-10-07 12:00:00
2022-10-08 13:00:00,26,0.65,,605.0,6.6,,2022-10-08 13:00:00
2022-10-09 18:00:00,20,0.34,,647.0,5.2,,2022-10-09 18:00:00
2022-10-11 18:00:00,29,0.31,,436.0,4.1,,2022-10-11 18:00:00
2022-10-13 20:00:00,21,1.3,,392.0,16.5,,2022-10-13 20:00:00
2022-10-14 20:00:00,27,1.73,,548.0,13.1,,2022-10-14 20:00:00
2022-10-16 02:00:00,82,0.53,,623.0,6.2,,2022-10-16 02:00:00
2022-10-20 10:00:00,23,0.42,,452.0,6.6,,2022-10-20 10:00:00
2022-10-21 13:00:00,35,1.29,,388.0,11.7,,2022-10-21 13:00:00
2022-10-23 07:00:00,62,0.63,,558.0,11.8,,2022-10-23 07:00:00
2022-10-25 22:00:00,21,0.37,,378.0,5.0,,2022-10-25 22:00:00
2022-10-26 22:00:00,34,0.35,,449.0,8.1,,2022-10-26 22:00:00
2022-10-28 15:00:00,63,0.4,,562.0,11.6,,2022-10-28 15:00:00
2022-10-31 07:00:00,44,0.43,,476.0,5.6,,2022-10-31 07:00:00
2022-11-02 03:00:00,37,0.84,,513.0,10.0,,2022-11-02 03:00:00
2022-11-03 16:00:00,55,0.46,,634.0,9.5,,2022-11-03 16:00:00
2022-11-07 00:00:00,34,3.19,,406.0,14.2,,2022-11-07 00:00:00
2022-11-08 18:00:00,37,0.37,,363.0,8.3,,2022-11-08 18:00:00
2022-11-10 18:00:00,18,0.48,,346.0,8.1,,2022-11-10 18:00:00
2022-11-11 14:00:00,92,1.32,,481.0,12.8,,2022-11-11 14:00:00
2022-11-17 10:00:00,20,0.25,,376.0,7.1,,2022-11-17 10:00:00
2022-11-18 19:00:00,32,0.98,,374.0,11.4,,2022-11-18 19:00:00
2022-11-20 11:00:00,46,1.01,,450.0,10.3,,2022-11-20 11:00:00
2022-11-23 06:00:00,30,0.3,,318.0,5.5,,2022-11-23 06:00:00
2022-11-24 22:00:00,32,0.4,,546.0,14.7,,2022-11-24 22:00:00
2022-11-26 12:00:00,27,0.47,,621.0,8.6,,2022-11-26 12:00:00
2022-11-27 19:00:00,67,1.28,,682.0,10.6,,2022-11-27 19:00:00
2022-11-30 18:00:00,37,0.72,,829.0,11.4,,2022-11-30 18:00:00
2022-12-02 10:00:00,31,0.78,,691.0,4.9,,2022-12-02 10:00:00
2022-12-03 17:00:00,17,0.65,,552.0,6.2,,2022-12-03 17:00:00
2022-12-04 12:00:00,45,0.68,,518.0,7.4,,2022-12-04 12:00:00
2022-12-07 09:00:00,75,1.52,,588.0,17.6,,2022-12-07 09:00:00
2022-12-10 22:00:00,48,0.52,,468.0,7.2,,2022-12-10 22:00:00
2022-12-13 09:00:00,46,0.43,,385.0,7.3,,2022-12-13 09:00:00
2022-12-16 20:00:00,32,0.57,,318.0,6.5,,2022-12-16 20:00:00
2022-12-18 09:00:00,38,2.09,,344.0,14.4,,2022-12-18 09:00:00
2022-12-20 17:00:00,33,0.61,,426.0,15.2,,2022-12-20 17:00:00
2022-12-22 10:00:00,11,0.41,,441.0,10.1,,2022-12-22 10:00:00
2022-12-22 23:00:00,19,0.25,,530.0,9.5,,2022-12-22 23:00:00
2022-12-23 21:00:00,21,0.84,,627.0,10.1,,2022-12-23 21:00:00
2022-12-24 21:00:00,28,0.62,,726.0,7.5,,2022-12-24 21:00:00
2022-12-26 05:00:00,32,2.86,,635.0,10.3,,2022-12-26 05:00:00
2022-12-27 19:00:00,32,0.79,,532.0,5.8,,2022-12-27 19:00:00
2022-12-29 09:00:00,13,0.32,,443.0,7.3,,2022-12-29 09:00:00
2022-12-29 22:00:00,88,1.16,,612.0,12.2,,2022-12-29 22:00:00
2023-01-03 16:00:00,55,2.47,,433.0,20.0,,2023-01-03 16:00:00
2023-01-06 00:00:00,42,0.83,,453.0,11.5,,2023-01-06 00:00:00
2023-01-10 03:00:00,68,1.26,,426.0,8.8,,2023-01-10 03:00:00
2023-01-13 04:00:00,12,0.62,,413.0,8.3,,2023-01-13 04:00:00
2023-01-13 18:00:00,27,0.88,,540.0,10.0,,2023-01-13 18:00:00
2023-01-15 00:00:00,18,0.6,,486.0,10.9,,2023-01-15 00:00:00
2023-01-15 21:00:00,47,0.78,,521.0,11.7,,2023-01-15 21:00:00
2023-01-17 21:58:00,32,1.62,SSC,445.0,14.9,ICME-shock,2023-01-17 21:58:00
2023-01-19 05:00:00,19,0.48,,423.0,9.8,,2023-01-19 05:00:00
2023-01-20 03:00:00,18,0.95,,444.0,9.6,,2023-01-20 03:00:00
2023-01-20 23:00:00,36,0.79,,503.0,9.0,,2023-01-20 23:00:00
2023-01-23 04:00:00,28,0.72,,516.0,10.9,,2023-01-23 04:00:00
2023-01-25 17:00:00,46,0.8,,574.0,9.4,,2023-01-25 17:00:00
2023-01-28 04:00:00,26,0.42,,552.0,6.5,,2023-01-28 04:00:00
2023-01-29 21:00:00,21,0.34,,465.0,6.2,,2023-01-29 21:00:00
2023-01-30 21:00:00,26,0.53,,484.0,8.6,,2023-01-30 21:00:00
2023-02-01 17:00:00,32,0.75,,413.0,9.8,,2023-02-01 17:00:00
2023-02-03 06:00:00,36,0.51,,382.0,10.9,,2023-02-03 06:00:00
2023-02-05 16:00:00,74,2.41,,611.0,12.0,,2023-02-05 16:00:00
2023-02-09 17:00:00,36,0.83,,526.0,7.1,,2023-02-09 17:00:00
2023-02-14 01:19:00,19,0.77,SSC,395.0,9.8,ICME-shock,2023-02-14 01:19:00
2023-02-14 23:01:00,27,1.79,SSC,354.0,12.8,ICME-shock,2023-02-14 23:01:00
2023-02-16 02:00:00,30,2.03,,528.0,21.9,,2023-02-16 02:00:00
2023-02-20 10:35:00,22,1.95,SSC,459.0,14.3,ICME-shock,2023-02-20 10:35:00
2023-02-21 08:00:00,33,0.91,,440.0,13.5,,2023-02-21 08:00:00
2023-02-22 23:00:00,19,0.29,,565.0,9.1,,2023-02-22 23:00:00
2023-02-23 21:00:00,29,0.89,,661.0,9.9,,2023-02-23 21:00:00
2023-02-26 19:23:00,13,1.52,SSC,683.0,15.7,ICME-shock,2023-02-26 19:23:00
2023-02-27 10:00:00,32,2.8,,846.0,15.8,,2023-02-27 10:00:00
2023-03-01 00:00:00,20,0.41,,695.0,6.8,,2023-03-01 00:00:00
2023-03-02 12:00:00,38,0.59,,680.0,10.0,,2023-03-02 12:00:00
2023-03-05 07:00:00,36,0.37,,657.0,7.5,,2023-03-05 07:00:00
2023-03-08 20:00:00,30,0.48,,431.0,8.4,,2023-03-08 20:00:00
2023-03-10 06:00:00,34,0.64,,403.0,8.2,,2023-03-10 06:00:00
2023-03-11 22:00:00,44,0.58,,389.0,9.1,,2023-03-11 22:00:00
2023-03-14 05:00:00,20,0.48,,425.0,13.8,,2023-03-14 05:00:00
2023-03-15 04:27:00,16,2.49,SSC,556.0,23.3,ICME-shock,2023-03-15 04:27:00
2023-03-15 22:00:00,36,0.92,,559.0,11.5,,2023-03-15 22:00:00
2023-03-21 12:00:00,28,0.47,,549.0,9.3,,2023-03-21 12:00:00
2023-03-22 20:00:00,14,0.56,,516.0,7.2,,2023-03-22 20:00:00
2023-03-23 10:00:00,21,3.34,,501.0,20.5,,2023-03-23 10:00:00
2023-03-24 07:00:00,20,0.48,,462.0,13.9,,2023-03-24 07:00:00
2023-03-25 03:00:00,55,0.69,,606.0,9.3,,2023-03-25 03:00:00
2023-03-27 11:00:00,20,0.23,,405.0,7.3,,2023-03-27 11:00:00
2023-03-29 08:00:00,26,0.39,,488.0,9.2,,2023-03-29 08:00:00
2023-03-30 13:00:00,32,0.36,,631.0,8.5,,2023-03-30 13:00:00
2023-04-01 02:00:00,42,0.55,,577.0,6.4,,2023-04-01 02:00:00
2023-04-03 06:00:00,63,0.45,,516.0,6.4,,2023-04-03 06:00:00
2023-04-06 01:00:00,39,0.4,,397.0,6.3,,2023-04-06 01:00:00
2023-04-09 23:00:00,8,0.33,,348.0,9.8,,2023-04-09 23:00:00
2023-04-10 08:00:00,30,0.67,,536.0,12.3,,2023-04-10 08:00:00
2023-04-11 18:00:00,18,0.72,,390.0,6.4,,2023-04-11 18:00:00
2023-04-12 14:00:00,31,0.47,,396.0,9.1,,2023-04-12 14:00:00
2023-04-14 02:00:00,43,1.7,,378.0,7.5,,2023-04-14 02:00:00
2023-04-17 02:00:00,31,0.83,,365.0,8.6,,2023-04-17 02:00:00
2023-04-18 14:02:00,70,1.42,SSC,616.0,17.5,ICME-shock,2023-04-18 14:02:00
2023-04-23 07:00:00,9,0.21,,367.0,11.3,,2023-04-23 07:00:00
2023-04-23 17:38:00,49,6.28,SSC,711.0,33.6,ICME-shock,2023-04-23 17:38:00
2023-04-25 18:00:00,22,0.35,,545.0,6.2,,2023-04-25 18:00:00
2023-04-26 17:00:00,40,0.5,,659.0,9.5,,2023-04-26 17:00:00
2023-04-28 09:00:00,41,0.47,,696.0,5.8,,2023-04-28 09:00:00
2023-04-30 20:00:00,54,0.46,,547.0,5.7,,2023-04-30 20:00:00
2023-05-03 05:00:00,32,0.44,,470.0,5.6,,2023-05-03 05:00:00
2023-05-04 16:00:00,31,0.47,,409.0,5.0,,2023-05-04 16:00:00
2023-05-06 01:29:00,33,0.93,SSC,542.0,17.8,ICME-shock,2023-05-06 01:29:00
2023-05-07 15:45:00,21,2.62,SI,502.0,17.1,weak-impulse,2023-05-07 15:45:00
2023-05-08 13:56:00,32,0.66,SSC,545.0,6.9,ICME-shock,2023-05-08 13:56:00
2023-05-09 22:47:00,53,4.3,SSC,668.0,18.5,ICME-shock,2023-05-09 22:47:00
2023-05-12 06:29:00,31,0.84,SSC,563.0,13.1,ICME-shock,2023-05-12 06:29:00
2023-05-13 18:00:00,15,0.4,,441.0,12.4,,2023-05-13 18:00:00
2023-05-14 11:00:00,31,0.42,,498.0,6.2,,2023-05-14 11:00:00
2023-05-15 22:00:00,78,0.47,,487.0,6.4,,2023-05-15 22:00:00
2023-05-19 07:00:00,12,0.45,,335.0,7.8,,2023-05-19 07:00:00
2023-05-19 19:00:00,41,1.85,,586.0,16.3,,2023-05-19 19:00:00
2023-05-21 12:00:00,20,0.58,,584.0,10.9,,2023-05-21 12:00:00
2023-05-22 09:00:00,24,0.53,,620.0,9.5,,2023-05-22 09:00:00
2023-05-23 09:00:00,94,0.63,,626.0,7.2,,2023-05-23 09:00:00
2023-05-27 22:00:00,36,0.34,,476.0,5.6,,2023-05-27 22:00:00
2023-05-29 10:00:00,33,0.92,,416.0,7.4,,2023-05-29 10:00:00
2023-05-30 20:00:00,27,0.46,,388.0,8.3,,2023-05-30 20:00:00
2023-06-01 00:00:00,48,0.74,,473.0,8.3,,2023-06-01 00:00:00
2023-06-03 01:00:00,24,0.41,,357.0,7.4,,2023-06-03 01:00:00
2023-06-04 01:00:00,27,1.42,,352.0,11.5,,2023-06-04 01:00:00
2023-06-05 06:00:00,63,0.53,,424.0,9.9,,2023-06-05 06:00:00
2023-06-07 23:00:00,44,0.8,,365.0,9.3,,2023-06-07 23:00:00
2023-06-09 20:00:00,25,0.39,,317.0,5.2,,2023-06-09 20:00:00
2023-06-10 23:00:00,76,0.96,,468.0,14.4,,2023-06-10 23:00:00
2023-06-14 04:00:00,32,0.33,,367.0,10.3,,2023-06-14 04:00:00
2023-06-15 13:00:00,63,1.69,,682.0,16.3,,2023-06-15 13:00:00
2023-06-18 06:00:00,23,0.29,,403.0,5.9,,2023-06-18 06:00:00
2023-06-19 06:00:00,53,0.54,,465.0,7.9,,2023-06-19 06:00:00
2023-06-21 11:00:00,24,0.6,,454.0,7.4,,2023-06-21 11:00:00
2023-06-22 11:00:00,30,0.41,,416.0,6.4,,2023-06-22 11:00:00
2023-06-23 19:00:00,22,0.93,,473.0,10.4,,2023-06-23 19:00:00
2023-06-24 18:00:00,25,0.71,,545.0,11.5,,2023-06-24 18:00:00
2023-06-25 20:00:00,80,0.76,,600.0,7.7,,2023-06-25 20:00:00
2023-06-29 05:00:00,21,0.39,,499.0,7.6,,2023-06-29 05:00:00
2023-06-30 03:00:00,70,0.52,,577.0,7.4,,2023-06-30 03:00:00
2023-07-03 03:00:00,37,0.77,,400.0,7.1,,2023-07-03 03:00:00
2023-07-04 17:00:00,18,0.4,,365.0,4.9,,2023-07-04 17:00:00
2023-07-05 13:00:00,31,0.39,,480.0,11.2,,2023-07-05 13:00:00
2023-07-06 21:00:00,77,1.2,,501.0,9.7,,2023-07-06 21:00:00
2023-07-10 04:00:00,33,0.31,,347.0,5.8,,2023-07-10 04:00:00
2023-07-11 16:00:00,25,0.82,,345.0,9.3,,2023-07-11 16:00:00
2023-07-12 19:00:00,15,0.36,,312.0,7.0,,2023-07-12 19:00:00
2023-07-13 12:12:00,4,0.17,SSC,314.0,8.9,ICME-shock,2023-07-13 12:12:00
2023-07-13 16:46:00,20,0.46,SSC,356.0,12.3,ICME-shock,2023-07-13 16:46:00
2023-07-14 16:00:00,50,2.39,,429.0,15.6,,2023-07-14 16:00:00
2023-07-16 19:20:00,16,2.6,SSC,498.0,14.2,ICME-shock,2023-07-16 19:20:00
2023-07-17 13:00:00,75,1.0,,582.0,7.2,,2023-07-17 13:00:00
2023-07-20 16:44:00,23,0.69,SSC,423.0,10.9,ICME-shock,2023-07-20 16:44:00
2023-07-21 19:00:00,48,0.72,,419.0,12.8,,2023-07-21 19:00:00
2023-07-25 22:30:00,64,1.6,SSC,574.0,11.3,ICME-shock,2023-07-25 22:30:00
2023-07-28 16:00:00,27,0.27,,392.0,6.7,,2023-07-28 16:00:00
2023-07-29 20:00:00,56,0.72,,522.0,8.2,,2023-07-29 20:00:00
2023-08-01 06:00:00,10,0.7,,391.0,10.8,,2023-08-01 06:00:00
2023-08-01 16:00:00,40,3.46,,400.0,11.9,,2023-08-01 16:00:00
2023-08-03 09:00:00,21,0.59,,369.0,9.7,,2023-08-03 09:00:00
2023-08-04 08:00:00,18,1.11,,390.0,15.4,,2023-08-04 08:00:00
2023-08-05 02:53:00,46,2.04,SSC,432.0,21.1,ICME-shock,2023-08-05 02:53:00
2023-08-07 02:00:00,11,0.48,,415.0,10.9,,2023-08-07 02:00:00
2023-08-07 13:00:00,76,1.45,,620.0,9.2,,2023-08-07 13:00:00
2023-08-10 17:00:00,114,1.06,,507.0,9.0,,2023-08-10 17:00:00
2023-08-15 14:00:00,19,0.43,,303.0,6.8,,2023-08-15 14:00:00
2023-08-16 10:00:00,42,0.68,,336.0,10.9,,2023-08-16 10:00:00
2023-08-18 04:00:00,31,0.39,,504.0,14.0,,2023-08-18 04:00:00
2023-08-19 12:00:00,67,1.61,,642.0,9.2,,2023-08-19 12:00:00
2023-08-22 10:00:00,49,0.42,,453.0,6.4,,2023-08-22 10:00:00
2023-08-24 13:00:00,37,0.52,,488.0,8.1,,2023-08-24 13:00:00
2023-08-26 03:00:00,26,0.92,,397.0,7.7,,2023-08-26 03:00:00
2023-08-27 09:00:00,32,0.38,,372.0,6.5,,2023-08-27 09:00:00
2023-08-28 18:00:00,53,0.78,,364.0,7.9,,2023-08-28 18:00:00
2023-08-31 00:00:00,16,0.29,,331.0,8.8,,2023-08-31 00:00:00
2023-08-31 17:00:00,25,1.02,,422.0,11.8,,2023-08-31 17:00:00
2023-09-01 20:00:00,90,1.19,,716.0,8.5,,2023-09-01 20:00:00
2023-09-05 15:23:00,22,0.3,SSC,435.0,8.7,ICME-shock,2023-09-05 15:23:00
2023-09-06 13:00:00,46,0.41,,414.0,6.3,,2023-09-06 13:00:00
2023-09-08 13:00:00,22,0.27,,366.0,7.0,,2023-09-08 13:00:00
2023-09-09 11:00:00,34,0.85,,380.0,6.4,,2023-09-09 11:00:00
2023-09-10 22:00:00,35,0.54,,394.0,8.0,,2023-09-10 22:00:00
2023-09-12 11:19:00,1,0.0,SSC,366.0,8.0,ICME-shock,2023-09-12 11:19:00
2023-09-12 12:16:00,17,2.66,SSC,434.0,18.4,ICME-shock,2023-09-12 12:16:00
2023-09-13 05:00:00,24,0.44,,429.0,10.2,,2023-09-13 05:00:00
2023-09-14 05:00:00,69,0.89,,513.0,10.7,,2023-09-14 05:00:00
2023-09-17 02:30:00,22,0.47,SSC,487.0,8.9,ICME-shock,2023-09-17 02:30:00
2023-09-18 02:00:00,11,1.1,,438.0,10.2,,2023-09-18 02:00:00
2023-09-18 13:28:00,78,3.82,SSC,643.0,21.6,ICME-shock,2023-09-18 13:28:00
2023-09-24 20:41:00,39,4.73,SSC,483.0,32.9,ICME-shock,2023-09-24 20:41:00
2023-09-26 12:00:00,30,0.38,,521.0,6.8,,2023-09-26 12:00:00
2023-09-27 19:00:00,26,0.51,,475.0,5.7,,2023-09-27 19:00:00
2023-09-28 22:00:00,14,0.71,,434.0,8.3,,2023-09-28 22:00:00
2023-09-29 13:00:00,37,0.45,,462.0,7.1,,2023-09-29 13:00:00
2023-10-01 02:00:00,25,0.31,,396.0,6.1,,2023-10-01 02:00:00
2023-10-02 03:00:00,32,0.29,,378.0,6.2,,2023-10-02 03:00:00
2023-10-03 11:00:00,31,0.51,,373.0,9.2,,2023-10-03 11:00:00
2023-10-04 18:00:00,26,0.74,,433.0,8.6,,2023-10-04 18:00:00
2023-10-05 20:00:00,48,1.1,,486.0,7.1,,2023-10-05 20:00:00
2023-10-07 20:00:00,33,0.32,,327.0,5.8,,2023-10-07 20:00:00
2023-10-09 07:00:00,45,0.78,,354.0,6.5,,2023-10-09 07:00:00
2023-10-11 06:00:00,31,0.57,,315.0,5.9,,2023-10-11 06:00:00
2023-10-12 13:00:00,18,0.15,,351.0,13.2,,2023-10-12 13:00:00
2023-10-13 07:00:00,113,1.35,,541.0,23.0,,2023-10-13 07:00:00
2023-10-18 03:33:00,45,1.35,SSC,434.0,11.4,ICME-shock,2023-10-18 03:33:00
2023-10-20 02:00:00,43,1.23,,373.0,10.0,,2023-10-20 02:00:00
2023-10-21 23:00:00,15,0.39,,317.0,7.6,,2023-10-21 23:00:00
2023-10-22 14:00:00,24,0.26,,358.0,8.4,,2023-10-22 14:00:00
2023-10-23 15:00:00,31,0.27,,385.0,7.4,,2023-10-23 15:00:00
2023-10-24 23:00:00,23,0.41,,342.0,5.7,,2023-10-24 23:00:00
2023-10-25 22:00:00,53,0.85,,536.0,12.1,,2023-10-25 22:00:00
2023-10-28 04:00:00,29,1.17,,640.0,11.0,,2023-10-28 04:00:00
2023-10-29 12:00:00,8,0.27,,605.0,7.0,,2023-10-29 12:00:00
2023-10-29 20:00:00,93,0.81,,596.0,5.5,,2023-10-29 20:00:00
2023-11-02 18:00:00,44,0.46,,393.0,4.0,,2023-11-02 18:00:00
2023-11-04 15:00:00,18,1.52,,346.0,15.4,,2023-11-04 15:00:00
2023-11-05 09:02:00,27,3.71,SSC,568.0,37.4,ICME-shock,2023-11-05 09:02:00
2023-11-06 13:00:00,118,1.0,,735.0,12.3,,2023-11-06 13:00:00
2023-11-11 16:00:00,13,0.34,,505.0,2.6,,2023-11-11 16:00:00
2023-11-12 06:12:00,34,1.67,SSC,569.0,10.6,ICME-shock,2023-11-12 06:12:00
2023-11-13 16:00:00,21,0.71,,443.0,14.2,,2023-11-13 16:00:00
2023-11-14 14:00:00,13,0.29,,376.0,12.4,,2023-11-14 14:00:00
2023-11-15 03:00:00,31,0.42,,409.0,7.6,,2023-11-15 03:00:00
2023-11-16 11:00:00,39,0.39,,420.0,4.7,,2023-11-16 11:00:00
2023-11-18 02:00:00,23,0.45,,316.0,5.1,,2023-11-18 02:00:00
2023-11-19 03:00:00,23,0.22,,348.0,6.6,,2023-11-19 03:00:00
2023-11-20 03:00:00,24,0.5,,322.0,11.1,,2023-11-20 03:00:00
2023-11-21 04:00:00,18,1.17,,384.0,11.9,,2023-11-21 04:00:00
2023-11-21 22:00:00,70,0.73,,578.0,12.9,,2023-11-21 22:00:00
2023-11-24 20:00:00,11,0.49,,480.0,11.2,,2023-11-24 20:00:00
2023-11-25 08:34:00,113,3.8,SSC,597.0,15.5,ICME-shock,2023-11-25 08:34:00
2023-11-30 02:00:00,22,0.47,,386.0,5.4,,2023-11-30 02:00:00
2023-12-01 00:18:00,9,1.33,SSC,443.0,14.2,ICME-shock,2023-12-01 00:18:00
2023-12-01 09:24:00,56,3.74,SSC,532.0,25.6,ICME-shock,2023-12-01 09:24:00
2023-12-03 18:00:00,101,1.19,,647.0,14.8,,2023-12-03 18:00:00
2023-12-09 13:00:00,47,0.33,,383.0,4.6,,2023-12-09 13:00:00
2023-12-11 12:00:00,20,0.29,,347.0,5.5,,2023-12-11 12:00:00
2023-12-12 08:00:00,38,1.76,,386.0,12.5,,2023-12-12 08:00:00
2023-12-13 23:00:00,36,0.84,,377.0,14.5,,2023-12-13 23:00:00
2023-12-15 11:46:00,42,1.02,SSC,520.0,20.0,ICME-shock,2023-12-15 11:46:00
2023-12-17 07:00:00,37,3.05,,530.0,15.1,,2023-12-17 07:00:00
2023-12-18 20:00:00,67,0.65,,714.0,11.5,,2023-12-18 20:00:00
2023-12-21 15:00:00,43,0.46,,364.0,6.6,,2023-12-21 15:00:00
2023-12-23 10:00:00,50,0.47,,426.0,7.9,,2023-12-23 10:00:00
2023-12-26 01:00:00,33,0.35,,496.0,7.6,,2023-12-26 01:00:00
2023-12-27 10:00:00,37,1.8,,451.0,6.7,,2023-12-27 10:00:00
2023-12-28 23:45:00,23,0.62,SSC,403.0,9.9,ICME-shock,2023-12-28 23:45:00
2023-12-30 00:00:00,23,0.46,,376.0,11.2,,2023-12-30 00:00:00
2023-12-31 02:00:00,22,0.32,,324.0,8.2,,2023-12-31 02:00:00
2024-01-01 06:00:00,18,0.27,,351.0,10.5,,2024-01-01 06:00:00
2024-01-02 01:00:00,28,0.49,,416.0,11.2,,2024-01-02 01:00:00
2024-01-03 05:36:00,10,0.71,SSC,444.0,11.0,ICME-shock,2024-01-03 05:36:00
2024-01-03 15:00:00,68,2.48,,483.0,8.8,,2024-01-03 15:00:00
2024-01-08 09:00:00,111,2.15,,470.0,8.6,,2024-01-08 09:00:00
2024-01-14 03:00:00,20,0.27,,345.0,6.9,,2024-01-14 03:00:00
2024-01-15 05:00:00,41,0.79,,357.0,7.9,,2024-01-15 05:00:00
2024-01-17 21:00:00,77,0.54,,416.0,8.5,,2024-01-17 21:00:00
2024-01-21 13:00:00,16,0.22,,378.0,6.7,,2024-01-21 13:00:00
2024-01-22 14:00:00,21,2.06,,462.0,12.5,,2024-01-22 14:00:00
2024-01-23 14:00:00,38,0.76,,464.0,7.6,,2024-01-23 14:00:00
2024-01-25 05:00:00,27,0.45,,425.0,9.3,,2024-01-25 05:00:00
2024-01-26 08:00:00,31,0.71,,475.0,7.4,,2024-01-26 08:00:00
2024-01-27 16:00:00,26,0.42,,387.0,11.3,,2024-01-27 16:00:00
2024-01-28 19:00:00,17,0.31,,462.0,7.7,,2024-01-28 19:00:00
2024-01-29 12:00:00,62,0.44,,487.0,6.6,,2024-01-29 12:00:00
2024-02-01 06:00:00,38,0.54,,438.0,7.7,,2024-02-01 06:00:00
2024-02-03 01:00:00,22,0.29,,327.0,4.5,,2024-02-03 01:00:00
2024-02-04 10:00:00,26,0.64,,401.0,8.5,,2024-02-04 10:00:00
2024-02-05 13:00:00,59,1.22,,543.0,9.7,,2024-02-05 13:00:00
2024-02-08 01:00:00,39,0.39,,509.0,5.1,,2024-02-08 01:00:00
2024-02-09 18:00:00,11,0.82,,418.0,7.6,,2024-02-09 18:00:00
2024-02-10 06:00:00,12,0.2,,408.0,6.0,,2024-02-10 06:00:00
2024-02-11 02:09:00,30,1.85,SI,732.0,14.8,weak-impulse,2024-02-11 02:09:00
2024-02-12 08:00:00,31,2.52,,517.0,5.8,,2024-02-12 08:00:00
2024-02-13 19:00:00,22,0.96,,461.0,7.1,,2024-02-13 19:00:00
2024-02-14 21:00:00,31,1.01,,466.0,8.8,,2024-02-14 21:00:00
2024-02-16 09:00:00,26,1.16,,413.0,8.9,,2024-02-16 09:00:00
2024-02-17 20:00:00,40,0.51,,349.0,8.2,,2024-02-17 20:00:00
2024-02-20 06:00:00,73,0.8,,347.0,8.9,,2024-02-20 06:00:00
2024-02-24 17:11:00,41,1.31,SSC,436.0,12.7,ICME-shock,2024-02-24 17:11:00
2024-02-26 10:00:00,83,0.98,,443.0,8.2,,2024-02-26 10:00:00
2024-02-29 22:00:00,40,0.51,,404.0,5.2,,2024-02-29 22:00:00
2024-03-03 09:56:00,41,3.25,SSC,407.0,20.0,ICME-shock,2024-03-03 09:56:00
2024-03-05 03:00:00,33,0.6,,441.0,7.5,,2024-03-05 03:00:00
2024-03-06 13:00:00,12,0.11,,408.0,6.7,,2024-03-06 13:00:00
2024-03-07 01:03:00,11,0.18,SSC,414.0,4.5,ICME-shock,2024-03-07 01:03:00
2024-03-07 13:00:00,77,0.48,,506.0,7.6,,2024-03-07 13:00:00
2024-03-10 20:00:00,12,0.36,,419.0,4.6,,2024-03-10 20:00:00
2024-03-11 16:00:00,23,0.19,,405.0,5.4,,2024-03-11 16:00:00
2024-03-12 19:00:00,24,0.49,,397.0,7.4,,2024-03-12 19:00:00
2024-03-13 21:00:00,38,0.65,,440.0,8.7,,2024-03-13 21:00:00
2024-03-15 12:00:00,35,0.29,,422.0,4.7,,2024-03-15 12:00:00
2024-03-17 01:00:00,22,0.49,,355.0,3.9,,2024-03-17 01:00:00
2024-03-18 02:00:00,16,0.61,,308.0,5.9,,2024-03-18 02:00:00
2024-03-18 20:00:00,31,0.69,SSC,384.0,10.4,ICME-shock,2024-03-18 20:00:00
2024-03-20 04:00:00,22,0.89,,373.0,6.2,,2024-03-20 04:00:00
2024-03-21 02:50:00,46,1.22,,376.0,12.7,,2024-03-21 02:50:00
2024-03-23 02:00:00,11,0.39,,359.0,10.1,,2024-03-23 02:00:00
2024-03-23 14:00:00,23,0.66,,538.0,16.3,,2024-03-23 14:00:00
2024-03-24 14:07:00,21,11.3,SI,852.0,30.8,weak-impulse,2024-03-24 14:07:00
2024-03-25 11:00:00,24,0.79,,789.0,7.3,,2024-03-25 11:00:00
2024-03-26 11:00:00,18,0.48,,645.0,4.1,,2024-03-26 11:00:00
2024-03-27 08:00:00,29,0.63,,518.0,4.4,,2024-03-27 08:00:00
2024-03-28 19:00:00,18,0.29,,417.0,3.8,,2024-03-28 19:00:00
2024-03-29 13:00:00,21,0.27,,367.0,4.2,,2024-03-29 13:00:00
2024-03-30 10:00:00,32,0.5,,548.0,13.0,,2024-03-30 10:00:00
2024-03-31 19:00:00,57,0.37,,558.0,9.2,,2024-03-31 19:00:00
2024-04-03 04:00:00,23,0.23,,447.0,5.7,,2024-04-03 04:00:00
2024-04-04 04:00:00,37,0.52,,490.0,10.5,,2024-04-04 04:00:00
2024-04-05 18:00:00,54,0.42,,448.0,7.7,,2024-04-05 18:00:00
2024-04-08 02:00:00,26,0.48,,396.0,6.5,,2024-04-08 02:00:00
2024-04-09 04:00:00,100,0.52,,446.0,8.4,,2024-04-09 04:00:00
2024-04-13 17:00:00,14,1.15,,351.0,5.5,,2024-04-13 17:00:00
2024-04-14 07:00:00,27,0.34,,371.0,5.1,,2024-04-14 07:00:00
2024-04-15 18:23:00,12,1.45,SI,369.0,9.6,weak-impulse,2024-04-15 18:23:00
2024-04-16 06:00:00,23,0.83,,391.0,12.5,,2024-04-16 06:00:00
2024-04-17 08:00:00,16,0.49,,366.0,9.1,,2024-04-17 08:00:00
2024-04-18 00:00:00,14,0.17,,423.0,8.9,,2024-04-18 00:00:00
2024-04-18 20:00:00,9,0.13,,359.0,6.9,,2024-04-18 20:00:00
2024-04-19 05:58:00,45,1.38,SSC,491.0,16.6,ICME-shock,2024-04-19 05:58:00
2024-04-21 02:00:00,49,0.87,,467.0,7.3,,2024-04-21 02:00:00
2024-04-23 03:00:00,24,0.26,,401.0,6.2,,2024-04-23 03:00:00
2024-04-24 05:00:00,27,0.49,,383.0,5.2,,2024-04-24 05:00:00
2024-04-25 15:00:00,12,0.34,,314.0,6.2,,2024-04-25 15:00:00
2024-04-26 03:00:00,25,1.01,,347.0,13.5,,2024-04-26 03:00:00
2024-04-27 05:00:00,37,0.53,,456.0,14.6,,2024-04-27 05:00:00
2024-04-28 18:00:00,40,0.34,,488.0,6.7,,2024-04-28 18:00:00
2024-04-30 12:22:00,39,0.98,,414.0,13.3,,2024-04-30 12:22:00
2024-05-02 08:00:00,55,1.27,,443.0,20.9,,2024-05-02 08:00:00
2024-05-04 15:00:00,19,0.36,,364.0,5.9,,2024-05-04 15:00:00
2024-05-05 11:00:00,24,0.61,,472.0,16.0,,2024-05-05 11:00:00
2024-05-06 11:00:00,51,0.49,,538.0,12.7,,2024-05-06 11:00:00
2024-05-09 18:00:00,21,0.71,,446.0,6.6,,2024-05-09 18:00:00
2024-05-10 17:05:00,24,15.2,SSC,809.0,68.9,ICME-shock,2024-05-10 17:05:00
2024-05-11 17:49:00,25,1.11,SI,1006.0,14.2,weak-impulse,2024-05-11 17:49:00
2024-05-12 19:00:00,52,2.35,,872.0,9.7,,2024-05-12 19:00:00
2024-05-14 23:00:00,17,0.59,,531.0,4.1,,2024-05-14 23:00:00
2024-05-15 20:00:00,9,0.63,,447.0,6.6,,2024-05-15 20:00:00
2024-05-16 06:00:00,31,1.73,,491.0,14.0,,2024-05-16 06:00:00
2024-05-17 13:00:00,42,1.16,,472.0,14.9,,2024-05-17 13:00:00
2024-05-19 10:00:00,21,0.59,,408.0,9.5,,2024-05-19 10:00:00
2024-05-20 09:00:00,52,0.87,,418.0,7.5,,2024-05-20 09:00:00
2024-05-22 14:00:00,26,0.73,,388.0,8.3,,2024-05-22 14:00:00
2024-05-23 23:00:00,23,0.5,,395.0,9.7,,2024-05-23 23:00:00
2024-05-24 23:00:00,25,0.28,,402.0,9.3,,2024-05-24 23:00:00
2024-05-26 05:00:00,21,0.4,,430.0,8.2,,2024-05-26 05:00:00
2024-05-27 02:00:00,27,0.73,,405.0,7.4,,2024-05-27 02:00:00
2024-05-28 06:00:00,24,0.88,,357.0,6.9,,2024-05-28 06:00:00
2024-05-29 07:00:00,41,0.66,,361.0,10.7,,2024-05-29 07:00:00
2024-05-31 00:00:00,45,1.04,,370.0,8.8,,2024-05-31 00:00:00
2024-06-02 11:00:00,32,0.38,,334.0,6.4,,2024-06-02 11:00:00
2024-06-03 21:00:00,30,0.91,,436.0,16.4,,2024-06-03 21:00:00
2024-06-05 04:00:00,28,1.29,,473.0,6.9,,2024-06-05 04:00:00
2024-06-06 08:00:00,25,0.41,,391.0,7.1,,2024-06-06 08:00:00
2024-06-07 13:00:00,44,0.71,,523.0,12.5,,2024-06-07 13:00:00
2024-06-10 17:18:00,40,0.83,SSC,426.0,13.5,ICME-shock,2024-06-10 17:18:00
2024-06-13 19:00:00,25,0.56,,345.0,5.9,,2024-06-13 19:00:00
2024-06-15 11:53:00,28,2.84,SSC,455.0,14.2,ICME-shock,2024-06-15 11:53:00
2024-06-16 15:00:00,32,0.4,,506.0,10.0,,2024-06-16 15:00:00
2024-06-17 23:00:00,94,0.62,,595.0,10.8,,2024-06-17 23:00:00
2024-06-23 03:00:00,31,0.6,,357.0,10.9,,2024-06-23 03:00:00
2024-06-25 07:00:00,36,1.16,,365.0,11.5,,2024-06-25 07:00:00
2024-06-26 22:00:00,29,1.17,,351.0,12.9,,2024-06-26 22:00:00
2024-06-28 10:00:00,34,0.98,,488.0,23.4,,2024-06-28 10:00:00
2024-06-29 23:00:00,71,0.71,,520.0,9.1,,2024-06-29 23:00:00
2024-07-02 23:00:00,14,0.37,,382.0,5.0,,2024-07-02 23:00:00
2024-07-03 14:00:00,17,0.28,,387.0,6.6,,2024-07-03 14:00:00
2024-07-04 09:00:00,47,1.2,,366.0,11.4,,2024-07-04 09:00:00
2024-07-07 01:00:00,17,0.6,,365.0,7.2,,2024-07-07 01:00:00
2024-07-07 18:00:00,38,0.38,,425.0,10.4,,2024-07-07 18:00:00
2024-07-09 08:00:00,74,0.34,,404.0,5.9,,2024-07-09 08:00:00
2024-07-13 00:00:00,36,0.47,,330.0,6.7,,2024-07-13 00:00:00
2024-07-15 21:00:00,20,0.45,,377.0,17.1,,2024-07-15 21:00:00
2024-07-16 17:10:00,60,0.63,SI,396.0,9.0,weak-impulse,2024-07-16 17:10:00
2024-07-19 15:00:00,24,0.88,,372.0,10.5,,2024-07-19 15:00:00
2024-07-20 15:00:00,21,0.43,,344.0,6.0,,2024-07-20 15:00:00
2024-07-21 12:00:00,54,0.48,,342.0,9.0,,2024-07-21 12:00:00
2024-07-23 20:00:00,28,1.61,,352.0,17.5,,2024-07-23 20:00:00
2024-07-25 15:00:00,78,0.98,,570.0,18.4,,2024-07-25 15:00:00
2024-07-28 22:00:00,23,0.39,,396.0,7.0,,2024-07-28 22:00:00
2024-07-30 00:00:00,36,1.9,SSC,498.0,16.3,ICME-shock,2024-07-30 00:00:00
2024-07-31 14:33:00,27,3.14,SSC,484.0,13.6,ICME-shock,2024-07-31 14:33:00
2024-08-01 17:00:00,30,0.62,,448.0,11.7,,2024-08-01 17:00:00
2024-08-03 19:00:00,27,1.07,,398.0,17.6,,2024-08-03 19:00:00
2024-08-04 22:20:00,26,0.62,,538.0,20.7,,2024-08-04 22:20:00
2024-08-06 00:00:00,48,0.46,,442.0,5.9,,2024-08-06 00:00:00
2024-08-08 21:00:00,26,0.45,,402.0,7.1,,2024-08-08 21:00:00
2024-08-10 13:00:00,8,0.39,,430.0,10.1,,2024-08-10 13:00:00
2024-08-10 23:00:00,20,4.04,,482.0,20.5,,2024-08-10 23:00:00
2024-08-11 19:00:00,56,2.5,,523.0,22.9,,2024-08-11 19:00:00
2024-08-14 19:00:00,30,1.07,,391.0,8.9,,2024-08-14 19:00:00
2024-08-17 14:23:00,45,1.17,SSC,470.0,18.0,ICME-shock,2024-08-17 14:23:00
2024-08-22 09:00:00,38,1.84,,376.0,11.0,,2024-08-22 09:00:00
2024-08-24 01:00:00,73,0.86,,385.0,7.8,,2024-08-24 01:00:00
2024-08-27 08:41:00,63,2.22,SSC,337.0,18.0,ICME-shock,2024-08-27 08:41:00
2024-08-30 02:00:00,29,1.99,,379.0,20.2,,2024-08-30 02:00:00
2024-08-31 13:00:00,23,1.76,,405.0,12.8,,2024-08-31 13:00:00
2024-09-01 12:00:00,29,0.7,,415.0,7.2,,2024-09-01 12:00:00
2024-09-02 18:00:00,36,1.08,,469.0,11.8,,2024-09-02 18:00:00
2024-09-04 10:32:00,48,4.0,SSC,435.0,24.4,ICME-shock,2024-09-04 10:32:00
2024-09-06 10:00:00,21,1.03,,389.0,8.3,,2024-09-06 10:00:00
2024-09-07 08:00:00,33,0.74,,394.0,9.7,,2024-09-07 08:00:00
2024-09-08 17:00:00,21,1.2,,398.0,12.3,,2024-09-08 17:00:00
2024-09-09 14:00:00,42,0.42,,436.0,12.9,,2024-09-09 14:00:00
2024-09-11 15:23:00,11,0.41,SI,380.0,10.5,weak-impulse,2024-09-11 15:23:00
2024-09-12 03:00:00,39,3.1,,574.0,28.4,,2024-09-12 03:00:00
2024-09-13 19:00:00,18,0.51,,488.0,9.2,,2024-09-13 19:00:00
2024-09-14 14:00:00,38,0.5,,508.0,9.0,,2024-09-14 14:00:00
2024-09-16 05:00:00,16,0.65,,474.0,9.8,,2024-09-16 05:00:00
2024-09-16 23:29:00,23,4.25,SSC,557.0,18.2,ICME-shock,2024-09-16 23:29:00
2024-09-17 23:00:00,20,0.41,,506.0,8.2,,2024-09-17 23:00:00
2024-09-18 22:00:00,10,0.48,,456.0,8.1,,2024-09-18 22:00:00
2024-09-19 10:00:00,14,0.49,,463.0,8.9,,2024-09-19 10:00:00
2024-09-21 10:00:00,27,0.33,,423.0,6.9,,2024-09-21 10:00:00
2024-09-22 14:00:00,19,0.22,,413.0,8.7,,2024-09-22 14:00:00
2024-09-23 12:00:00,13,0.43,,441.0,12.2,,2024-09-23 12:00:00
2024-09-24 02:00:00,15,0.52,,479.0,7.7,,2024-09-24 02:00:00
2024-09-24 18:00:00,48,1.51,,543.0,11.3,,2024-09-24 18:00:00
2024-09-27 04:00:00,25,0.5,,361.0,6.4,,2024-09-27 04:00:00
2024-09-28 07:00:00,24,0.49,,332.0,8.6,,2024-09-28 07:00:00
2024-09-29 13:00:00,77,0.84,,484.0,13.3,,2024-09-29 13:00:00
2024-10-06 07:39:00,19,6.37,SSC,522.0,15.2,ICME-shock,2024-10-06 07:39:00
2024-10-07 02:00:00,20,0.66,,482.0,15.4,,2024-10-07 02:00:00
2024-10-07 23:00:00,19,0.73,,436.0,16.4,,2024-10-07 23:00:00
2024-10-08 18:00:00,34,0.6,,461.0,10.1,,2024-10-08 18:00:00
2024-10-10 15:14:00,31,13.3,SSC,753.0,43.7,ICME-shock,2024-10-10 15:14:00
2024-10-11 23:00:00,13,0.61,,689.0,11.1,,2024-10-11 23:00:00
2024-10-12 12:00:00,36,0.76,,629.0,5.2,,2024-10-12 12:00:00
2024-10-14 18:00:00,70,1.97,,455.0,10.0,,2024-10-14 18:00:00
2024-10-18 17:00:00,19,1.05,,425.0,11.7,,2024-10-18 17:00:00
2024-10-19 13:00:00,25,0.4,,471.0,6.9,,2024-10-19 13:00:00
2024-10-22 03:00:00,20,0.36,,326.0,7.8,,2024-10-22 03:00:00
2024-10-23 01:00:00,33,0.44,,427.0,11.5,,2024-10-23 01:00:00
2024-10-24 22:00:00,19,0.4,,329.0,5.7,,2024-10-24 22:00:00
2024-10-26 16:18:00,29,4.3,SSC,477.0,24.3,ICME-shock,2024-10-26 16:18:00
2024-10-28 04:47:00,39,5.49,SI,572.0,15.4,weak-impulse,2024-10-28 04:47:00
2024-10-29 22:00:00,43,2.51,,564.0,7.9,,2024-10-29 22:00:00
2024-10-31 18:00:00,29,0.65,,516.0,10.2,,2024-10-31 18:00:00
2024-11-02 00:00:00,42,0.9,,486.0,12.4,,2024-11-02 00:00:00
2024-11-03 18:00:00,11,0.29,,464.0,7.8,,2024-11-03 18:00:00
2024-11-04 05:00:00,30,0.77,,458.0,8.0,,2024-11-04 05:00:00
2024-11-05 12:00:00,30,0.4,,463.0,8.8,,2024-11-05 12:00:00
2024-11-07 15:14:00,19,1.04,SI,421.0,8.6,weak-impulse,2024-11-07 15:14:00
2024-11-08 10:00:00,11,0.86,,391.0,16.7,,2024-11-08 10:00:00
2024-11-08 22:00:00,12,0.57,,409.0,15.6,,2024-11-08 22:00:00
2024-11-09 10:00:00,25,0.5,,420.0,13.5,,2024-11-09 10:00:00
2024-11-10 12:00:00,64,0.87,,442.0,9.2,,2024-11-10 12:00:00
2024-11-13 11:00:00,11,0.37,,340.0,8.9,,2024-11-13 11:00:00
2024-11-14 04:00:00,18,0.38,,398.0,13.1,,2024-11-14 04:00:00
2024-11-14 23:00:00,49,0.44,,424.0,10.7,,2024-11-14 23:00:00
2024-11-17 15:00:00,43,0.69,,408.0,8.7,,2024-11-17 15:00:00
2024-11-19 11:00:00,27,0.45,,404.0,12.3,,2024-11-19 11:00:00
2024-11-20 22:00:00,67,1.73,,419.0,8.9,,2024-11-20 22:00:00
2024-11-23 18:00:00,65,1.11,,441.0,8.7,,2024-11-23 18:00:00
2024-11-28 02:00:00,25,1.36,,360.0,8.3,,2024-11-28 02:00:00
2024-11-29 03:00:00,36,3.47,,428.0,15.5,,2024-11-29 03:00:00
2024-11-30 15:00:00,35,0.63,,445.0,11.0,,2024-11-30 15:00:00
2024-12-02 03:00:00,37,0.66,,441.0,13.6,,2024-12-02 03:00:00
2024-12-03 16:00:00,83,1.44,,494.0,10.4,,2024-12-03 16:00:00
2024-12-07 22:00:00,21,0.41,,379.0,10.0,,2024-12-07 22:00:00
2024-12-08 20:00:00,46,0.65,,498.0,10.0,,2024-12-08 20:00:00
2024-12-10 19:00:00,54,0.41,,397.0,6.1,,2024-12-10 19:00:00
2024-12-14 04:00:00,28,0.39,,343.0,12.5,,2024-12-14 04:00:00
2024-12-15 09:00:00,30,1.17,,439.0,12.0,,2024-12-15 09:00:00
2024-12-17 05:14:00,24,2.69,SSC,692.0,29.1,ICME-shock,2024-12-17 05:14:00
2024-12-19 17:00:00,35,0.47,,523.0,9.1,,2024-12-19 17:00:00
2024-12-21 04:00:00,84,3.44,,654.0,9.4,,2024-12-21 04:00:00
2024-12-24 16:00:00,29,0.33,,533.0,5.7,,2024-12-24 16:00:00
2024-12-28 15:00:00,33,0.47,,401.0,9.1,,2024-12-28 15:00:00
2024-12-31 16:21:00,25,5.41,SSC,539.0,24.7,ICME-shock,2024-12-31 16:21:00
