idx_izmiran,idx_catalog,dt_hours,subset,datetime,duration,magnitude,ons type,V max,B max,ons_label,t_izmiran,group_id,repr_time,anchor_onset_time,time_start,time_end,group_span_h,n_trigger_events,n_trigger_stations,trigger_stations,trigger_drop_mean,trigger_drop_max,trigger_A_complex_mean,onset_min,onset_max,min_time_min,min_time_max,n_supported_stations,supported_stations,n_support_only_stations,support_only_stations,mean_supported_drop,median_supported_drop,max_supported_drop,catalog_tier,fd_scope,quality,promoted_from_single_trigger,year,omni_Bz_min,omni_Speed_max,omni_IMF_max,omni_Density_mean,feid_matched,feid_dt_h,feid_magnitude,feid_ons_label,feid_Vmax,feid_Bmax,feid_has_shock,cond_A_bz,cond_B_speed,cond_C_imf,fd_like_confirmed,bz_min,speed_max,imf_max,dv_max,bz_consec_min,imf_consec_min
14,9,-0.4666666666666667,core,2019-02-05 18:00:00,42,0.42,,446.0,7.9,,2019-02-05 18:00:00,287,2019-02-05 17:32:00,2019-02-05 17:32:00,2019-02-05 15:34:00,2019-02-06 23:26:00,31.866666666666667,2,2,"DRBS,KERG",5.43255178339421,5.953332443754299,7.047316541795382,2019-02-05 15:34:00,2019-02-05 19:30:00,2019-02-06 10:32:00,2019-02-06 23:26:00,3,"AATB,DRBS,KERG",1,AATB,4.8284614435647555,4.911771123034122,5.953332443754299,core,supported_multi_station_candidate,B,False,2019,-5.0713333333333335,538.9525,7.933833333333333,4.098584502923978,True,0.4666666666666667,0.42,,446.0,7.9,False,False,True,False,True,-4.41,392.6,8.280000000000001,53.049999999999955,8.0,16.0
4,3,-1.0333333333333334,core,2019-01-13 23:00:00,31,0.34,,403.0,10.2,,2019-01-13 23:00:00,279,2019-01-13 21:58:00,2019-01-13 21:58:00,2019-01-13 07:54:00,2019-01-16 00:46:00,64.86666666666666,3,3,"AATB,KERG,LMKS",3.035290606640307,3.527948653291865,5.393754077740219,2019-01-13 07:54:00,2019-01-14 12:52:00,2019-01-14 18:28:00,2019-01-16 00:46:00,4,"AATB,JUNG1,KERG,LMKS",1,JUNG1,3.069581024815162,3.2042622027839687,3.527948653291865,core,supported_multi_station_candidate,A,False,2019,-3.5343333333333335,410.2066666666667,10.272333333333334,8.020436631944444,True,1.0333333333333334,0.34,,403.0,10.2,False,False,True,True,True,-5.17,381.6,11.06,89.80000000000001,46.0,130.0
109,72,1.0666666666666667,core,2019-10-12 19:00:00,32,0.48,,378.0,4.1,,2019-10-12 19:00:00,357,2019-10-12 20:04:00,2019-10-12 20:04:00,2019-10-12 07:22:00,2019-10-13 18:54:00,35.53333333333333,5,5,"AATB,BKSN,JUNG,JUNG1,KIEL2",4.499672363268718,5.005931763894514,6.659722586029164,2019-10-12 07:22:00,2019-10-13 08:42:00,2019-10-13 10:56:00,2019-10-13 18:54:00,11,"AATB,APTY,BKSN,DRBS,FSMT,JUNG,JUNG1,KERG,KIEL2,LMKS,NANM",6,"APTY,DRBS,FSMT,KERG,LMKS,NANM",4.186527380960187,4.2022753599109,5.026440798312986,core,supported_multi_station_candidate,A,False,2019,-5.181833333333333,499.1425,7.129333333333333,5.249392212885154,True,-1.0666666666666667,0.48,,378.0,4.1,False,False,True,False,True,-2.92,432.45,4.075,46.150000000000034,0.0,0.0
79,53,-1.6,core,2019-08-04 08:00:00,15,0.2,,369.0,5.0,,2019-08-04 08:00:00,336,2019-08-04 06:24:00,2019-08-04 06:24:00,2019-08-03 10:14:00,2019-08-05 22:34:00,60.333333333333336,5,5,"APTY,BKSN,JUNG1,KERG,LMKS",3.693500991096477,4.896297018494342,6.481205514444275,2019-08-03 10:14:00,2019-08-04 11:16:00,2019-08-03 23:00:00,2019-08-05 22:34:00,6,"APTY,BKSN,FSMT,JUNG1,KERG,LMKS",1,FSMT,4.109300853191476,4.029166095008615,6.188300163666464,core,supported_multi_station_candidate,A,False,2019,-5.121833333333333,713.5366666666666,19.433,7.114421875000001,True,1.6,0.2,,369.0,5.0,False,False,True,False,True,-3.2800000000000002,380.3,5.109999999999999,43.650000000000034,4.0,0.0
1,1,1.6333333333333333,core,2019-01-08 06:00:00,40,0.44,,446.0,6.1,,2019-01-08 06:00:00,277,2019-01-08 07:38:00,2019-01-08 07:38:00,2019-01-08 07:38:00,2019-01-09 07:26:00,23.8,1,1,JUNG1,3.9858757581777526,3.9858757581777526,6.0999253305703744,2019-01-08 07:38:00,2019-01-08 07:38:00,2019-01-09 07:26:00,2019-01-09 07:26:00,4,"AATB,APTY,JUNG,JUNG1",3,"AATB,APTY,JUNG",3.6345416977315566,3.773421125989107,4.305370184503601,core,supported_multi_station_candidate,A,True,2019,-3.7591666666666663,556.5550000000001,6.108833333333333,4.719289649528754,True,-1.6333333333333333,0.44,,446.0,6.1,False,False,True,False,True,-4.09,478.8,5.640000000000001,57.30000000000001,10.0,0.0
127,84,-1.7,core,2019-11-20 15:00:00,19,0.88,,483.0,9.0,,2019-11-20 15:00:00,370,2019-11-20 13:18:00,2019-11-20 13:18:00,2019-11-20 13:18:00,2019-11-21 23:34:00,34.266666666666666,1,1,LMKS,2.496366884081408,2.496366884081408,3.079104052811062,2019-11-20 13:18:00,2019-11-20 13:18:00,2019-11-21 23:34:00,2019-11-21 23:34:00,3,"AATB,FSMT,LMKS",2,"AATB,FSMT",3.539386243740864,3.4751166468984467,4.646675200242736,core,supported_multi_station_candidate,B,True,2019,-4.650166666666666,595.2483333333333,11.411333333333335,7.532304687499999,True,1.7,0.88,,483.0,9.0,False,False,True,False,True,-2.01,352.25,5.045,42.55000000000001,0.0,0.0
49,34,1.8333333333333333,core,2019-05-19 19:00:00,48,0.55,,414.0,8.2,,2019-05-19 19:00:00,316,2019-05-19 20:50:00,2019-05-19 20:50:00,2019-05-19 06:52:00,2019-05-20 23:20:00,40.46666666666667,2,2,"KERG,ROME",6.5348384595521605,9.529059402749608,6.666440497117488,2019-05-19 06:52:00,2019-05-20 10:48:00,2019-05-20 12:10:00,2019-05-20 23:20:00,6,"JUNG,JUNG1,KERG,KIEL2,NANM,ROME",4,"JUNG,JUNG1,KIEL2,NANM",5.4702881964944865,5.123328533462006,9.529059402749608,core,supported_multi_station_candidate,A,False,2019,-6.073166666666666,424.44166666666666,8.0235,4.722542534722222,True,-1.8333333333333333,0.55,,414.0,8.2,False,True,True,False,True,-7.295,401.8,8.469999999999999,46.650000000000034,96.0,4.0
60,43,2.466666666666667,core,2019-06-19 12:00:00,31,0.63,,371.0,7.8,,2019-06-19 12:00:00,326,2019-06-19 14:28:00,2019-06-19 14:28:00,2019-06-19 09:04:00,2019-06-20 00:04:00,15.0,2,2,"DRBS,KERG",5.731773333630197,7.563960981180507,9.443899370134679,2019-06-19 09:04:00,2019-06-19 19:52:00,2019-06-19 22:00:00,2019-06-20 00:04:00,6,"AATB,APTY,DRBS,FSMT,JUNG1,KERG",4,"AATB,APTY,FSMT,JUNG1",4.120269174426031,3.7769240113263067,7.563960981180507,core,supported_multi_station_candidate,A,False,2019,-3.0758333333333336,397.09083333333336,7.902166666666667,9.584885001666747,True,-2.466666666666667,0.63,,371.0,7.8,False,False,False,False,False,-3.865,339.8,4.824999999999999,24.5,24.0,0.0
73,49,-3.0,core,2019-07-19 21:00:00,33,0.33,,341.0,4.9,,2019-07-19 21:00:00,332,2019-07-19 18:00:00,2019-07-19 18:00:00,2019-07-19 09:10:00,2019-07-21 14:28:00,53.3,3,3,"FSMT,JUNG1,LMKS",3.3570424217914585,3.764298632524743,5.945060956391907,2019-07-19 09:10:00,2019-07-20 12:38:00,2019-07-19 20:14:00,2019-07-21 14:28:00,3,"FSMT,JUNG1,LMKS",0,,3.3570424217914585,3.2225199195802054,3.764298632524743,core,supported_multi_station_candidate,B,False,2019,-2.5145,427.79,6.092499999999999,6.058803429063933,True,3.0,0.33,,341.0,4.9,False,False,False,False,False,-2.685,362.2,3.69,27.649999999999977,0.0,0.0
38,27,-3.433333333333333,core,2019-04-21 15:00:00,41,0.37,,393.0,6.6,,2019-04-21 15:00:00,308,2019-04-21 11:34:00,2019-04-21 11:34:00,2019-04-21 11:34:00,2019-04-22 17:38:00,30.066666666666666,1,1,AATB,2.5980416230502565,2.5980416230502565,9.560362003631807,2019-04-21 11:34:00,2019-04-21 11:34:00,2019-04-22 17:38:00,2019-04-22 17:38:00,4,"AATB,BKSN,KERG,LMKS",3,"BKSN,KERG,LMKS",3.6878265054887303,3.913320660314022,4.326623078276621,core,supported_multi_station_candidate,A,True,2019,-3.814,391.38666666666666,6.803333333333333,6.998473958333332,True,3.433333333333333,0.37,,393.0,6.6,False,False,True,False,True,-4.3149999999999995,347.85,6.16,34.75,12.0,0.0
108,71,-3.533333333333333,core,2019-10-09 20:00:00,55,0.58,,516.0,11.4,,2019-10-09 20:00:00,356,2019-10-09 16:28:00,2019-10-09 16:28:00,2019-10-09 08:18:00,2019-10-10 19:34:00,35.266666666666666,3,3,"APTY,FSMT,JUNG1",3.5311743222102288,3.7834176987597226,6.662116724453963,2019-10-09 08:18:00,2019-10-09 20:36:00,2019-10-09 16:42:00,2019-10-10 19:34:00,5,"APTY,FSMT,JUNG,JUNG1,KERG",2,"JUNG,KERG",3.49153781325069,3.510088334671975,3.801361400021647,core,supported_multi_station_candidate,A,False,2019,-7.807666666666666,499.1425,11.342333333333332,5.78531446105574,True,3.533333333333333,0.58,,516.0,11.4,False,True,True,True,True,-8.465,418.3,11.32,47.89999999999998,94.0,180.0
132,87,3.5833333333333335,core,2019-12-07 07:00:00,48,0.83,,375.0,5.8,,2019-12-07 07:00:00,373,2019-12-07 10:35:00,2019-12-07 10:35:00,2019-12-06 05:26:00,2019-12-08 19:24:00,61.96666666666667,6,6,"FSMT,JUNG,KERG,KIEL2,LMKS,NEWK",5.568297657571954,11.90198053088504,6.722689161478641,2019-12-06 05:26:00,2019-12-08 13:30:00,2019-12-06 05:38:00,2019-12-08 19:24:00,8,"AATB,APTY,FSMT,JUNG,KERG,KIEL2,LMKS,NEWK",2,"AATB,APTY",5.0136094104420685,4.015543613343866,11.90198053088504,core,supported_multi_station_candidate,A,False,2019,-3.254166666666667,385.72333333333336,5.882499999999999,5.621518229166665,True,-3.5833333333333335,0.83,,375.0,5.8,False,False,True,False,True,-3.045,383.20000000000005,5.02,33.85000000000002,2.0,0.0
84,57,3.7333333333333334,core,2019-08-17 02:00:00,41,0.38,,374.0,7.8,,2019-08-17 02:00:00,341,2019-08-17 05:44:00,2019-08-17 05:44:00,2019-08-16 13:12:00,2019-08-19 18:58:00,77.76666666666667,3,3,"APTY,JUNG,LMKS",3.4914160507476386,3.7259417073700494,4.934838189074266,2019-08-16 13:12:00,2019-08-19 00:22:00,2019-08-17 08:18:00,2019-08-19 18:58:00,5,"APTY,JUNG,JUNG1,LMKS,NANM",2,"JUNG1,NANM",3.551502169319882,3.4067231250007532,4.611284051713597,core,supported_multi_station_candidate,A,False,2019,-3.245833333333333,441.0091111111111,6.998833333333334,5.960333333333334,True,-3.7333333333333334,0.38,,374.0,7.8,False,False,True,False,True,-3.93,386.0,5.390000000000001,43.599999999999966,14.0,0.0
77,52,4.133333333333334,core,2019-07-30 11:00:00,72,0.9,,553.0,10.7,,2019-07-30 11:00:00,335,2019-07-30 15:08:00,2019-07-30 15:08:00,2019-07-29 21:04:00,2019-08-02 08:22:00,83.3,6,6,"APTY,DRBS,JUNG1,KERG,LMKS,NANM",4.005384094664474,5.412418043683825,6.677547621690894,2019-07-29 21:04:00,2019-07-31 23:16:00,2019-07-30 22:38:00,2019-08-02 08:22:00,9,"AATB,APTY,DRBS,JUNG,JUNG1,KERG,LMKS,MXCO,NANM",3,"AATB,JUNG,MXCO",3.8314954922485804,3.8351909964995574,5.412418043683825,core,supported_multi_station_candidate,A,False,2019,-4.539333333333333,549.2541666666667,10.782,6.1599191362715295,True,-4.133333333333334,0.9,,553.0,10.7,False,True,True,True,True,-7.914999999999999,413.3,9.875,62.10000000000002,66.0,130.0
114,76,-4.15,core,2019-10-24 08:00:00,36,0.8,,650.0,11.7,,2019-10-24 08:00:00,361,2019-10-24 03:51:00,2019-10-24 03:51:00,2019-10-23 20:58:00,2019-10-24 22:14:00,25.266666666666666,2,2,"AATB,APTY",5.183760506954077,6.247581713340008,10.150912608413575,2019-10-23 20:58:00,2019-10-24 10:44:00,2019-10-24 09:16:00,2019-10-24 22:14:00,4,"AATB,APTY,FSMT,KERG",2,"FSMT,KERG",4.221727027747243,3.917357326110205,6.247581713340008,core,supported_multi_station_candidate,A,False,2019,-7.392833333333333,654.0666666666667,11.525166666666667,7.520565277777777,True,4.15,0.8,,650.0,11.7,False,False,True,False,True,-9.225,370.85,9.68,32.650000000000034,50.0,24.0
52,36,4.233333333333333,core,2019-05-26 22:14:00,34,0.94,SSC,372.0,11.8,ICME-shock,2019-05-26 22:14:00,318,2019-05-27 02:28:00,2019-05-27 02:28:00,2019-05-26 20:22:00,2019-05-28 08:20:00,35.96666666666667,3,3,"JUNG1,LMKS,OULU",3.9136715052887503,4.902872528737497,9.780167896370834,2019-05-26 20:22:00,2019-05-27 04:38:00,2019-05-27 23:16:00,2019-05-28 08:20:00,6,"APTY,FSMT,JUNG,JUNG1,LMKS,OULU",3,"APTY,FSMT,JUNG",3.957499570410278,4.137532360822342,4.902872528737497,core,supported_multi_station_candidate,A,False,2019,-6.7255,481.00416666666666,11.858166666666667,8.650473958333334,True,-4.233333333333333,0.94,SSC,372.0,11.8,True,True,True,True,True,-8.68,380.25,11.435,74.34999999999997,82.0,116.0
0,0,4.45,core,2019-01-04 12:00:00,83,1.29,,554.0,11.4,,2019-01-04 12:00:00,276,2019-01-04 16:27:00,2019-01-04 16:27:00,2019-01-03 04:12:00,2019-01-06 18:04:00,85.86666666666666,8,8,"AATB,DRBS,FSMT,JUNG,JUNG1,KERG,LMKS,ROME",4.34898526768287,9.262595100904012,6.083545504613385,2019-01-03 04:12:00,2019-01-06 04:14:00,2019-01-03 19:54:00,2019-01-06 18:04:00,8,"AATB,DRBS,FSMT,JUNG,JUNG1,KERG,LMKS,ROME",0,,4.3489852676828695,3.7657388599520454,9.262595100904012,core,supported_multi_station_candidate,A,False,2019,-6.3775,552.6416666666667,11.467166666666666,8.149959463810143,True,-4.45,1.29,,554.0,11.4,False,True,True,True,True,-9.655000000000001,374.2,14.42,47.0,104.0,152.0
90,60,4.5,core,2019-09-01 13:00:00,59,0.51,,728.0,7.5,,2019-09-01 13:00:00,345,2019-09-01 17:30:00,2019-09-01 17:30:00,2019-09-01 17:30:00,2019-09-01 23:42:00,6.2,1,1,NANM,4.650074522003894,4.650074522003894,5.453796140256313,2019-09-01 17:30:00,2019-09-01 17:30:00,2019-09-01 23:42:00,2019-09-01 23:42:00,6,"AATB,ATHN,JUNG1,KERG,LMKS,NANM",5,"AATB,ATHN,JUNG1,KERG,LMKS",3.9150606294516503,3.390510843170931,6.4402160271226325,core,supported_multi_station_candidate,A,True,2019,-4.674833333333334,750.8991666666666,10.1325,3.675912326388889,True,-4.5,0.51,,728.0,7.5,False,False,True,False,True,-6.125,793.9000000000001,7.845,152.60000000000014,30.0,0.0
61,44,4.566666666666666,core,2019-06-21 02:00:00,33,0.28,,412.0,7.8,,2019-06-21 02:00:00,327,2019-06-21 06:34:00,2019-06-21 06:34:00,2019-06-20 16:28:00,2019-06-22 17:50:00,49.36666666666667,2,2,"FSMT,JUNG1",3.3313810137120505,3.646437097241399,7.601651701945341,2019-06-20 16:28:00,2019-06-21 20:40:00,2019-06-21 15:48:00,2019-06-22 17:50:00,2,"FSMT,JUNG1",0,,3.3313810137120505,3.3313810137120505,3.646437097241399,core,supported_multi_station_candidate,B,False,2019,-3.0758333333333336,413.43333333333334,7.902166666666667,8.084326011172168,True,-4.566666666666666,0.28,,412.0,7.8,False,False,True,False,True,-4.495,402.7,8.66,46.30000000000001,36.0,14.0
15,10,6.2,core,2019-02-08 08:00:00,51,0.36,,477.0,7.0,,2019-02-08 08:00:00,288,2019-02-08 14:12:00,2019-02-08 14:12:00,2019-02-07 15:44:00,2019-02-09 23:00:00,55.266666666666666,3,3,"DRBS,JUNG1,KERG",6.5508846783224515,12.695546201363344,8.711438391162252,2019-02-07 15:44:00,2019-02-08 14:34:00,2019-02-08 15:36:00,2019-02-09 23:00:00,4,"DRBS,JUNG1,KERG,LMKS",1,LMKS,5.700359387930878,3.605420065843626,12.695546201363344,core,supported_multi_station_candidate,A,False,2019,-4.507000000000001,478.9066666666667,7.009166666666667,3.9737112888558204,True,-6.2,0.36,,477.0,7.0,False,False,True,False,True,-5.205,472.9,7.465,101.44999999999999,50.0,0.0
19,13,-6.2,core,2019-02-20 02:00:00,17,0.23,,326.0,3.2,,2019-02-20 02:00:00,291,2019-02-19 19:48:00,2019-02-19 19:48:00,2019-02-18 16:36:00,2019-02-21 09:16:00,64.66666666666667,4,4,"AATB,JUNG,LMKS,NEWK",3.944320496264214,5.702227619294988,3.937048833747958,2019-02-18 16:36:00,2019-02-20 09:28:00,2019-02-19 19:00:00,2019-02-21 09:16:00,6,"AATB,APTY,JUNG,KERG,LMKS,NEWK",2,"APTY,KERG",4.00626260237484,3.8026319722281814,5.702227619294988,core,supported_multi_station_candidate,A,False,2019,-5.4295,449.5861111111111,11.319833333333332,9.571419270833333,True,6.2,0.23,,326.0,3.2,False,False,False,False,False,-2.7800000000000002,338.95,3.95,28.19999999999999,0.0,0.0
81,55,6.283333333333333,core,2019-08-08 14:00:00,53,0.75,,630.0,6.7,,2019-08-08 14:00:00,338,2019-08-08 20:17:00,2019-08-08 20:17:00,2019-08-08 16:04:00,2019-08-10 00:16:00,32.2,2,2,"APTY,KERG",4.2527960915427405,4.321735641717447,5.886176573407676,2019-08-08 16:04:00,2019-08-09 00:30:00,2019-08-09 21:56:00,2019-08-10 00:16:00,7,"AATB,APTY,DRBS,FSMT,JUNG,KERG,KIEL2",5,"AATB,DRBS,FSMT,JUNG,KIEL2",3.7127946254410658,4.172167407581266,4.767852184427885,core,supported_multi_station_candidate,A,False,2019,-4.0882499999999995,632.2333333333333,6.487333333333334,2.378964787137681,True,-6.283333333333333,0.75,,630.0,6.7,False,False,True,False,True,-5.465,562.2,6.035,136.55000000000007,10.0,0.0
119,80,7.233333333333333,core,2019-11-02 22:00:00,29,0.35,,347.0,6.4,,2019-11-02 22:00:00,365,2019-11-03 05:14:00,2019-11-03 05:14:00,2019-11-03 05:14:00,2019-11-03 09:30:00,4.266666666666667,1,1,KIEL2,8.36896782978011,8.36896782978011,5.606510953319775,2019-11-03 05:14:00,2019-11-03 05:14:00,2019-11-03 09:30:00,2019-11-03 09:30:00,4,"AATB,KERG,KIEL2,LMKS",3,"AATB,KERG,LMKS",4.288627149476857,3.2435825637970996,8.36896782978011,core,supported_multi_station_candidate,A,True,2019,-2.7148333333333334,420.795,7.4175,8.232521701388889,True,-7.233333333333333,0.35,,347.0,6.4,False,False,False,False,False,-2.92,354.9,6.72,26.950000000000045,0.0,0.0
126,83,7.433333333333334,core,2019-11-16 13:00:00,39,0.43,,457.0,9.0,,2019-11-16 13:00:00,369,2019-11-16 20:26:00,2019-11-16 20:26:00,2019-11-15 21:48:00,2019-11-18 21:46:00,71.96666666666667,5,5,"JUNG,JUNG1,KERG,KIEL2,LMKS",3.826165011422816,5.025869603372813,6.725166018388345,2019-11-15 21:48:00,2019-11-18 14:48:00,2019-11-16 17:52:00,2019-11-18 21:46:00,7,"AATB,JUNG,JUNG1,KERG,KIEL2,LMKS,ROME",2,"AATB,ROME",3.9397716434547427,4.110807709266116,5.025869603372813,core,supported_multi_station_candidate,A,False,2019,-4.485333333333333,455.8883333333333,8.870166666666668,7.374845744680851,True,-7.433333333333334,0.43,,457.0,9.0,False,True,True,True,True,-8.175,434.15,9.93,59.799999999999955,84.0,62.0
133,88,8.333333333333334,core,2019-12-09 20:00:00,70,0.77,,450.0,8.0,,2019-12-09 20:00:00,374,2019-12-10 04:20:00,2019-12-10 04:20:00,2019-12-09 18:40:00,2019-12-11 09:08:00,38.46666666666667,4,4,"APTY,KIEL2,LMKS,OULU",5.04930208524438,6.785832493897384,6.823581513078955,2019-12-09 18:40:00,2019-12-11 06:50:00,2019-12-10 20:38:00,2019-12-11 09:08:00,6,"APTY,KERG,KIEL2,LMKS,NANM,OULU",2,"KERG,NANM",4.579954395216178,4.87843845614762,6.785832493897384,core,supported_multi_station_candidate,A,False,2019,-3.4765,456.08214285714286,8.220333333333334,5.776509540695712,True,-8.333333333333334,0.77,,450.0,8.0,False,False,True,False,True,-8.915,426.75,9.85,83.69999999999999,28.0,28.0
83,56,8.683333333333334,core,2019-08-12 06:00:00,66,0.53,,491.0,6.8,,2019-08-12 06:00:00,339,2019-08-12 14:41:00,2019-08-12 14:41:00,2019-08-12 08:02:00,2019-08-13 07:08:00,23.1,4,4,"DRBS,JUNG,JUNG1,KERG",3.7178883576003114,5.1760622897323,6.142522593356637,2019-08-12 08:02:00,2019-08-12 20:32:00,2019-08-12 22:50:00,2019-08-13 07:08:00,4,"DRBS,JUNG,JUNG1,KERG",0,,3.7178883576003114,3.4044863216482923,5.1760622897323,core,supported_multi_station_candidate,A,False,2019,-3.1626666666666665,497.23333333333335,6.872,4.9202361111111115,True,-8.683333333333334,0.53,,491.0,6.8,False,False,True,False,True,-3.235,474.4,7.185,95.05000000000001,8.0,0.0
94,62,-9.0,core,2019-09-09 22:00:00,36,0.54,,509.0,6.3,,2019-09-09 22:00:00,347,2019-09-09 13:00:00,2019-09-09 13:00:00,2019-09-09 02:50:00,2019-09-10 01:42:00,22.866666666666667,2,2,"LMKS,OULU",3.801103032945104,4.650133107381426,3.494642954116258,2019-09-09 02:50:00,2019-09-09 23:10:00,2019-09-09 11:48:00,2019-09-10 01:42:00,4,"FSMT,KERG,LMKS,OULU",2,"FSMT,KERG",3.455914100915697,3.1107251688862902,4.650133107381426,core,supported_multi_station_candidate,A,False,2019,-3.634666666666667,516.7716666666666,6.838833333333333,3.887142643261703,True,9.0,0.54,,509.0,6.3,False,False,True,False,True,-8.434999999999999,531.1,9.405000000000001,125.59999999999997,36.0,12.0
16,11,9.166666666666666,core,2019-02-11 07:00:00,33,0.29,,406.0,8.1,,2019-02-11 07:00:00,289,2019-02-11 16:10:00,2019-02-11 16:10:00,2019-02-11 16:10:00,2019-02-11 21:22:00,5.2,1,1,KERG,3.647056343388749,3.647056343388749,7.033798900578041,2019-02-11 16:10:00,2019-02-11 16:10:00,2019-02-11 21:22:00,2019-02-11 21:22:00,3,"DRBS,KERG,LMKS",2,"DRBS,LMKS",4.149524535827266,3.647056343388749,5.590158881891584,core,supported_multi_station_candidate,B,True,2019,-5.4815,469.2366666666667,9.000333333333334,5.866048195084486,True,-9.166666666666666,0.29,,406.0,8.1,False,True,True,False,True,-6.37,410.7,8.41,42.39999999999998,70.0,6.0
101,67,9.166666666666666,core,2019-09-24 09:00:00,28,0.32,,499.0,14.7,,2019-09-24 09:00:00,352,2019-09-24 18:10:00,2019-09-24 18:10:00,2019-09-24 18:10:00,2019-09-25 23:40:00,29.5,1,1,KERG,3.235891080814549,3.235891080814549,10.938228127870037,2019-09-24 18:10:00,2019-09-24 18:10:00,2019-09-25 23:40:00,2019-09-25 23:40:00,2,"KERG,ROME",1,ROME,4.972112641957822,4.972112641957822,6.708334203101096,core,supported_multi_station_candidate,B,True,2019,-5.961166666666667,490.52333333333337,15.479000000000001,7.090633540293565,True,-9.166666666666666,0.32,,499.0,14.7,False,True,True,True,True,-8.095,497.54999999999995,16.775,159.25,102.0,198.0
99,65,-9.333333333333334,core,2019-09-17 18:00:00,36,0.42,,446.0,6.2,,2019-09-17 18:00:00,350,2019-09-17 08:40:00,2019-09-17 08:40:00,2019-09-16 22:24:00,2019-09-17 23:32:00,25.133333333333333,3,3,"AATB,KERG,ROME",5.67588921579582,8.384967962696248,6.532980051712323,2019-09-16 22:24:00,2019-09-17 19:02:00,2019-09-17 14:06:00,2019-09-17 23:32:00,3,"AATB,KERG,ROME",0,,5.67588921579582,4.982028584190653,8.384967962696248,core,supported_multi_station_candidate,B,False,2019,-4.0873333333333335,473.15333333333336,6.6195,6.273796006944444,True,9.333333333333334,0.42,,446.0,6.2,False,False,True,False,True,-3.55,437.4,6.6,49.89999999999998,6.0,0.0
35,26,-10.983333333333333,core,2019-04-09 22:00:00,102,0.67,,459.0,8.2,,2019-04-09 22:00:00,307,2019-04-09 11:01:00,2019-04-09 11:01:00,2019-04-09 08:12:00,2019-04-10 00:24:00,16.2,2,2,"AATB,JUNG",2.7511843400332534,3.3731588177288536,5.897594056711715,2019-04-09 08:12:00,2019-04-09 13:50:00,2019-04-09 20:04:00,2019-04-10 00:24:00,5,"AATB,BKSN,JUNG,JUNG1,LMKS",3,"BKSN,JUNG1,LMKS",2.9981732674241073,3.0636519794683754,3.8435935311633544,core,supported_multi_station_candidate,A,False,2019,-4.0395,464.44666666666666,8.502833333333333,5.668063368055556,True,10.983333333333333,0.67,,459.0,8.2,False,False,True,False,True,-4.949999999999999,443.4,6.055,68.09999999999997,44.0,0.0
51,35,-11.033333333333333,core,2019-05-23 05:00:00,36,0.24,,357.0,6.5,,2019-05-23 05:00:00,317,2019-05-22 17:58:00,2019-05-22 17:58:00,2019-05-22 13:10:00,2019-05-24 23:34:00,58.4,3,3,"JUNG,KIEL2,NEWK",7.261383716921402,12.898912946863542,7.19540437587397,2019-05-22 13:10:00,2019-05-23 18:38:00,2019-05-23 07:44:00,2019-05-24 23:34:00,5,"AATB,JUNG,KIEL2,LMKS,NEWK",2,"AATB,LMKS",5.759003753326153,4.549370861180686,12.898912946863542,core,supported_multi_station_candidate,A,False,2019,-4.01525,413.5883333333333,6.519833333333334,7.027961805555556,True,11.033333333333333,0.24,,357.0,6.5,False,False,False,False,False,-2.5,391.5,5.04,26.30000000000001,0.0,0.0
31,24,11.15,core,2019-03-28 04:00:00,37,0.76,,525.0,13.7,,2019-03-28 04:00:00,304,2019-03-28 15:09:00,2019-03-28 15:09:00,2019-03-28 00:24:00,2019-03-30 05:58:00,53.56666666666667,2,2,"JUNG1,KERG",6.61660983783716,9.537886720167235,7.483022222721896,2019-03-28 00:24:00,2019-03-29 05:54:00,2019-03-29 08:48:00,2019-03-30 05:58:00,5,"AATB,JUNG,JUNG1,KERG,NANM",3,"AATB,JUNG,NANM",4.671880668116272,3.960723875586532,9.537886720167235,core,supported_multi_station_candidate,A,False,2019,-4.105166666666666,543.1825,13.7185,7.266034034024052,True,-11.15,0.76,,525.0,13.7,False,False,True,True,True,-7.35,561.2,13.94,142.20000000000005,46.0,546.0
63,45,11.383333333333333,core,2019-06-25 20:00:00,30,0.42,,402.0,6.0,,2019-06-25 20:00:00,328,2019-06-26 07:23:00,2019-06-26 07:23:00,2019-06-26 06:34:00,2019-06-27 15:56:00,33.36666666666667,2,2,"JUNG,JUNG1",3.794788835720728,3.811918591215002,8.662570674914637,2019-06-26 06:34:00,2019-06-26 08:12:00,2019-06-27 15:10:00,2019-06-27 15:56:00,5,"BKSN,FSMT,JUNG,JUNG1,LMKS",3,"BKSN,FSMT,LMKS",3.769057505340771,3.777659080226454,5.53508919061213,core,supported_multi_station_candidate,A,False,2019,-3.7645,406.35833333333335,5.858666666666666,5.95991783793494,True,-11.383333333333333,0.42,,402.0,6.0,False,True,True,False,True,-5.3149999999999995,403.8,6.42,72.40000000000003,64.0,0.0
24,20,-11.466666666666667,core,2019-03-13 19:00:00,27,0.28,,363.0,5.5,,2019-03-13 19:00:00,300,2019-03-13 07:32:00,2019-03-13 07:32:00,2019-03-13 07:32:00,2019-03-14 15:00:00,31.466666666666665,1,1,JUNG1,4.234488222385423,4.234488222385423,3.202660544698106,2019-03-13 07:32:00,2019-03-13 07:32:00,2019-03-14 15:00:00,2019-03-14 15:00:00,4,"AATB,JUNG,JUNG1,KERG",3,"AATB,JUNG,KERG",3.730022657482318,3.855685711230901,4.238719273416175,core,supported_multi_station_candidate,A,True,2019,-6.090166666666667,400.31166666666667,9.1395,7.217013237847222,True,11.466666666666667,0.28,,363.0,5.5,False,False,True,False,True,-3.815,371.5,4.6,39.5,26.0,0.0
105,69,11.8,core,2019-10-05 08:00:00,37,0.31,,445.0,6.8,,2019-10-05 08:00:00,354,2019-10-05 19:48:00,2019-10-05 19:48:00,2019-10-05 19:48:00,2019-10-06 08:46:00,12.966666666666667,1,1,LMKS,3.7540062795657807,3.7540062795657807,3.3678148885058277,2019-10-05 19:48:00,2019-10-05 19:48:00,2019-10-06 08:46:00,2019-10-06 08:46:00,3,"AATB,JUNG1,LMKS",2,"AATB,JUNG1",3.729093972980246,3.7540062795657807,4.9361535313031135,core,supported_multi_station_candidate,B,True,2019,-3.7393333333333336,435.68461538461537,8.370333333333333,7.4365490094800695,True,-11.8,0.31,,445.0,6.8,False,False,True,False,True,-4.285,421.2,6.43,44.0,26.0,0.0
58,41,12.016666666666667,core,2019-06-12 06:00:00,29,0.61,,447.0,7.4,,2019-06-12 06:00:00,324,2019-06-12 18:01:00,2019-06-12 18:01:00,2019-06-10 21:48:00,2019-06-14 03:50:00,78.03333333333333,8,8,"APTY,FSMT,JUNG1,KERG,KIEL2,LMKS,MXCO,ROME",4.757793995109422,13.400568145283444,7.767943992223351,2019-06-10 21:48:00,2019-06-13 11:08:00,2019-06-12 00:52:00,2019-06-14 03:50:00,9,"APTY,FSMT,JUNG1,KERG,KIEL2,LMKS,MXCO,OULU,ROME",1,OULU,4.766471638224452,3.680990927240949,13.400568145283444,core,supported_multi_station_candidate,A,False,2019,-4.578333333333333,473.52000000000004,7.722333333333334,6.704664334982756,True,-12.016666666666667,0.61,,447.0,7.4,False,False,True,False,True,-3.9899999999999998,388.9625,7.585,77.21249999999998,30.0,0.0
136,92,-12.666666666666666,core,2019-12-23 23:00:00,27,0.34,,350.0,5.4,,2019-12-23 23:00:00,378,2019-12-23 10:20:00,2019-12-23 10:20:00,2019-12-23 06:20:00,2019-12-24 02:38:00,20.3,2,2,"KIEL2,LMKS",8.316018781423592,14.018405163461612,5.140467423398664,2019-12-23 06:20:00,2019-12-23 14:20:00,2019-12-23 21:36:00,2019-12-24 02:38:00,3,"JUNG,KIEL2,LMKS",1,JUNG,6.953596279268367,4.228751274957914,14.018405163461612,core,supported_multi_station_candidate,B,False,2019,-2.9555000000000002,392.3333333333333,6.434333333333333,5.437872408461592,True,12.666666666666666,0.34,,350.0,5.4,False,True,True,False,True,-6.0649999999999995,388.8,6.855,44.10000000000002,60.0,0.0
92,61,-13.1,core,2019-09-06 02:00:00,36,0.44,,541.0,5.7,,2019-09-06 02:00:00,346,2019-09-05 12:54:00,2019-09-05 12:54:00,2019-09-05 12:54:00,2019-09-05 17:48:00,4.9,1,1,JUNG,3.63896784917925,3.63896784917925,6.375869700606426,2019-09-05 12:54:00,2019-09-05 12:54:00,2019-09-05 17:48:00,2019-09-05 17:48:00,3,"JUNG,JUNG1,LMKS",2,"JUNG1,LMKS",3.43329499798824,3.63896784917925,3.7792231481492924,core,supported_multi_station_candidate,B,True,2019,-4.2645,623.3483333333334,6.2735,2.9275740258541085,True,13.1,0.44,,541.0,5.7,False,True,True,False,True,-5.415,556.35,5.9,62.19999999999993,98.0,0.0
117,78,13.1,core,2019-10-29 19:00:00,24,0.45,,412.0,12.8,,2019-10-29 19:00:00,363,2019-10-30 08:06:00,2019-10-30 08:06:00,2019-10-28 16:56:00,2019-10-31 19:26:00,74.5,3,3,"ATHN,JUNG,KIEL2",4.859069635324586,7.178620623795822,5.635492681705713,2019-10-28 16:56:00,2019-10-31 00:58:00,2019-10-29 21:22:00,2019-10-31 19:26:00,9,"AATB,ATHN,BKSN,JUNG,KERG,KIEL2,LMKS,MXCO,NANM",6,"AATB,BKSN,KERG,LMKS,MXCO,NANM",4.5808525954868715,4.022899153287954,7.178620623795822,core,supported_multi_station_candidate,A,False,2019,-6.967666666666667,532.2566666666667,14.536,9.154948568088514,True,-13.1,0.45,,412.0,12.8,False,True,True,True,True,-7.835000000000001,412.70000000000005,13.19,35.75,280.0,774.0
29,23,13.3,core,2019-03-24 23:00:00,39,0.7,,351.0,8.4,,2019-03-24 23:00:00,303,2019-03-25 12:18:00,2019-03-25 12:18:00,2019-03-25 03:06:00,2019-03-27 05:26:00,50.333333333333336,3,3,"AATB,KERG,LMKS",3.4216397131844434,3.7028387803043645,5.944312380358629,2019-03-25 03:06:00,2019-03-26 18:56:00,2019-03-26 02:02:00,2019-03-27 05:26:00,10,"AATB,BKSN,FSMT,JUNG,JUNG1,KERG,KIEL2,LMKS,NEWK,ROME",7,"BKSN,FSMT,JUNG,JUNG1,KIEL2,NEWK,ROME",4.2133304136006675,3.9714313892447684,7.619765891821894,core,supported_multi_station_candidate,A,False,2019,-5.749833333333333,361.33583333333337,8.348,11.015826388888888,True,-13.3,0.7,,351.0,8.4,False,False,True,False,True,-5.795,342.9,8.445,39.64999999999998,14.0,4.0
106,70,-13.366666666666667,core,2019-10-07 12:00:00,32,0.36,,410.0,5.6,,2019-10-07 12:00:00,355,2019-10-06 22:38:00,2019-10-06 22:38:00,2019-10-06 22:38:00,2019-10-07 11:38:00,13.0,1,1,KERG,3.7305578200448717,3.7305578200448717,5.639902494559318,2019-10-06 22:38:00,2019-10-06 22:38:00,2019-10-07 11:38:00,2019-10-07 11:38:00,2,"JUNG1,KERG",1,JUNG1,3.5730871522777066,3.5730871522777066,3.7305578200448717,core,supported_multi_station_candidate,B,True,2019,-3.7393333333333336,435.68461538461537,6.029833333333333,5.3635998284273025,True,13.366666666666667,0.36,,410.0,5.6,False,False,True,False,True,-2.4,410.25,3.435,50.75000000000006,0.0,0.0
110,73,13.466666666666667,core,2019-10-14 14:00:00,37,0.7,,370.0,8.0,,2019-10-14 14:00:00,358,2019-10-15 03:28:00,2019-10-15 03:28:00,2019-10-15 03:28:00,2019-10-15 23:12:00,19.733333333333334,1,1,JUNG1,3.2423317536875116,3.2423317536875116,4.1003110290423574,2019-10-15 03:28:00,2019-10-15 03:28:00,2019-10-15 23:12:00,2019-10-15 23:12:00,2,"APTY,JUNG1",1,APTY,3.4415162486056903,3.4415162486056903,3.640700743523869,core,supported_multi_station_candidate,B,True,2019,-5.181833333333333,424.7866666666667,7.880333333333334,8.418079928315413,True,-13.466666666666667,0.7,,370.0,8.0,False,True,True,False,True,-6.37,377.15,8.21,58.549999999999955,82.0,22.0
46,31,-14.466666666666667,core,2019-05-10 17:54:00,70,1.3,SSC,380.0,11.9,ICME-shock,2019-05-10 17:54:00,313,2019-05-10 03:26:00,2019-05-10 03:26:00,2019-05-09 18:54:00,2019-05-11 03:50:00,32.93333333333333,2,2,"KIEL2,NANM",5.950218211279623,7.857844812768875,4.257246225282751,2019-05-09 18:54:00,2019-05-10 11:58:00,2019-05-10 23:18:00,2019-05-11 03:50:00,5,"FSMT,KERG,KIEL2,NANM,OULU",3,"FSMT,KERG,OULU",4.880866572645784,4.574550166164532,7.857844812768875,core,supported_multi_station_candidate,A,False,2019,-10.452,380.21,11.8775,9.218253546099291,True,14.466666666666667,1.3,SSC,380.0,11.9,True,False,True,False,True,-3.7,385.8,6.205,30.55000000000001,24.0,0.0
2,2,14.8,core,2019-01-10 14:00:00,47,0.55,,509.0,7.3,,2019-01-10 14:00:00,278,2019-01-11 04:48:00,2019-01-11 04:48:00,2019-01-10 20:28:00,2019-01-11 22:30:00,26.033333333333335,2,2,"JUNG,KERG",4.774563417745107,5.078728056135339,7.543060186698352,2019-01-10 20:28:00,2019-01-11 13:08:00,2019-01-11 00:02:00,2019-01-11 22:30:00,5,"JUNG,JUNG1,KERG,LMKS,NEWK",3,"JUNG1,LMKS,NEWK",4.155741401935377,4.3949618927693,5.078728056135339,core,supported_multi_station_candidate,A,False,2019,-3.298666666666667,512.8341666666666,6.930499999999999,4.85009375,True,-14.8,0.55,,509.0,7.3,False,False,True,False,True,-5.775,524.4,7.48,154.25,24.0,0.0
86,58,14.833333333333334,core,2019-08-20 02:00:00,44,0.68,,415.0,9.7,,2019-08-20 02:00:00,342,2019-08-20 16:50:00,2019-08-20 16:50:00,2019-08-20 16:50:00,2019-08-20 19:40:00,2.8333333333333335,1,1,JUNG,3.5575684026005416,3.5575684026005416,5.642449290866273,2019-08-20 16:50:00,2019-08-20 16:50:00,2019-08-20 19:40:00,2019-08-20 19:40:00,4,"APTY,JUNG,KERG,LMKS",3,"APTY,KERG,LMKS",3.398487423819639,3.609545516926432,3.7310015364831233,core,supported_multi_station_candidate,A,True,2019,-3.1431666666666667,418.62916666666666,9.994666666666665,7.947980492369361,True,-14.833333333333334,0.68,,415.0,9.7,False,False,True,True,True,-5.12,426.1,10.504999999999999,60.25,14.0,168.0
71,47,-15.1,core,2019-07-12 22:00:00,28,0.67,,461.0,6.6,,2019-07-12 22:00:00,330,2019-07-12 06:54:00,2019-07-12 06:54:00,2019-07-12 06:54:00,2019-07-13 02:00:00,19.1,1,1,JUNG1,4.525278130797939,4.525278130797939,7.618220595575661,2019-07-12 06:54:00,2019-07-12 06:54:00,2019-07-13 02:00:00,2019-07-13 02:00:00,3,"BKSN,JUNG,JUNG1",2,"BKSN,JUNG",4.287793102512524,4.525278130797939,4.806075882182401,core,supported_multi_station_candidate,B,True,2019,-3.3335,646.5541666666667,7.507499999999999,3.442665338345864,True,15.1,0.67,,461.0,6.6,False,False,True,False,True,-3.62,531.7,6.165,66.50000000000006,4.0,0.0
22,18,-15.166666666666666,core,2019-03-06 06:00:00,63,0.6,,493.0,9.8,,2019-03-06 06:00:00,298,2019-03-05 14:50:00,2019-03-05 14:50:00,2019-03-05 14:50:00,2019-03-06 21:34:00,30.733333333333334,1,1,JUNG1,3.558689428930079,3.558689428930079,6.189339812176702,2019-03-05 14:50:00,2019-03-05 14:50:00,2019-03-06 21:34:00,2019-03-06 21:34:00,3,"JUNG,JUNG1,LMKS",2,"JUNG,LMKS",3.9083170648635104,3.558689428930079,5.2945445988982645,core,supported_multi_station_candidate,B,True,2019,-4.1725,490.6816666666667,9.917833333333334,4.500993055555555,True,15.166666666666666,0.6,,493.0,9.8,False,False,True,False,True,-4.37,428.7,6.145,86.89999999999998,2.0,0.0
121,81,15.233333333333333,core,2019-11-06 22:00:00,36,0.36,,427.0,4.9,,2019-11-06 22:00:00,367,2019-11-07 13:14:00,2019-11-07 13:14:00,2019-11-06 20:54:00,2019-11-09 18:14:00,69.33333333333333,3,3,"AATB,KERG,NANM",4.65421000502949,5.605859562186907,11.981656507669046,2019-11-06 20:54:00,2019-11-08 21:50:00,2019-11-08 07:08:00,2019-11-09 18:14:00,5,"AATB,JUNG,JUNG1,KERG,NANM",2,"JUNG,JUNG1",4.018794230615039,3.971687927673968,5.605859562186907,core,supported_multi_station_candidate,A,False,2019,-2.662,427.74916666666667,5.3015215053763445,5.873479166666667,True,-15.233333333333333,0.36,,427.0,4.9,False,False,True,False,True,-4.074999999999999,433.4,5.6899999999999995,42.599999999999966,18.0,0.0
48,33,15.4,core,2019-05-15 18:00:00,45,0.83,,480.0,9.8,,2019-05-15 18:00:00,315,2019-05-16 09:24:00,2019-05-16 09:24:00,2019-05-13 21:16:00,2019-05-17 18:48:00,93.53333333333333,7,7,"AATB,ATHN,JUNG,KERG,LMKS,NEWK,ROME",4.657945881805857,7.538851007063041,6.9536724560765295,2019-05-13 21:16:00,2019-05-17 11:04:00,2019-05-15 07:22:00,2019-05-17 18:48:00,9,"AATB,ATHN,FSMT,JUNG,JUNG1,KERG,LMKS,NEWK,ROME",2,"FSMT,JUNG1",4.3860880621909395,3.8491176232375075,7.538851007063041,core,supported_multi_station_candidate,A,False,2019,-4.093500000000001,548.995,9.806333333333333,4.848272569444444,True,-15.4,0.83,,480.0,9.8,False,False,True,True,True,-5.215,492.15,9.035,89.89999999999998,18.0,150.0
96,64,15.4,core,2019-09-13 15:00:00,32,0.31,,541.0,8.1,,2019-09-13 15:00:00,349,2019-09-14 06:24:00,2019-09-14 06:24:00,2019-09-14 00:08:00,2019-09-14 16:38:00,16.5,2,2,"OULU,ROME",6.9584443321443965,9.503480682360141,3.742484334000875,2019-09-14 00:08:00,2019-09-14 12:40:00,2019-09-14 14:56:00,2019-09-14 16:38:00,4,"AATB,KERG,OULU,ROME",2,"AATB,KERG",5.299954783175383,4.141758273126108,9.503480682360141,core,supported_multi_station_candidate,A,False,2019,-4.0873333333333335,536.18,8.523666666666665,5.206105034722222,True,-15.4,0.31,,541.0,8.1,False,False,True,False,True,-3.0,571.2,4.2,90.90000000000003,0.0,0.0
12,8,15.6,core,2019-01-31 18:00:00,77,0.83,,627.0,15.7,,2019-01-31 18:00:00,285,2019-02-01 09:36:00,2019-02-01 09:36:00,2019-01-31 17:56:00,2019-02-03 15:00:00,69.06666666666666,4,4,"APTY,DRBS,JUNG1,NEWK",8.105281670530509,20.801262484650103,5.5141397017806755,2019-01-31 17:56:00,2019-02-02 09:56:00,2019-02-01 02:52:00,2019-02-03 15:00:00,7,"AATB,APTY,DRBS,JUNG1,KERG,LMKS,NEWK",3,"AATB,KERG,LMKS",6.092636572300003,3.4543404390815273,20.801262484650103,core,supported_multi_station_candidate,A,False,2019,-10.719999999999999,622.0875,16.140833333333333,9.02293142361111,True,-15.6,0.83,,627.0,15.7,False,True,True,True,True,-12.02,637.5,14.68,219.5,88.0,210.0
115,77,16.166666666666668,core,2019-10-26 05:00:00,58,0.57,,650.0,8.2,,2019-10-26 05:00:00,362,2019-10-26 21:10:00,2019-10-26 21:10:00,2019-10-26 21:10:00,2019-10-27 00:22:00,3.2,1,1,JUNG,3.878196786798365,3.878196786798365,5.742432183541513,2019-10-26 21:10:00,2019-10-26 21:10:00,2019-10-27 00:22:00,2019-10-27 00:22:00,2,"ATHN,JUNG",1,ATHN,4.827898176298762,4.827898176298762,5.777599565799158,core,supported_multi_station_candidate,B,True,2019,-3.7618333333333336,654.0666666666667,8.459333333333333,3.4267197916666667,True,-16.166666666666668,0.57,,650.0,8.2,False,False,True,False,True,-8.4,689.4,9.645,117.44999999999993,32.0,44.0
42,29,16.433333333333334,core,2019-05-01 13:00:00,42,0.65,,569.0,9.1,,2019-05-01 13:00:00,311,2019-05-02 05:26:00,2019-05-02 05:26:00,2019-05-01 19:00:00,2019-05-03 17:06:00,46.1,4,4,"FSMT,JUNG,JUNG1,KERG",3.465287516725486,3.8719189861226617,7.912232663169475,2019-05-01 19:00:00,2019-05-03 00:06:00,2019-05-01 20:52:00,2019-05-03 17:06:00,5,"AATB,FSMT,JUNG,JUNG1,KERG",1,AATB,3.1544803654878804,3.4622769853804733,3.8719189861226617,core,supported_multi_station_candidate,A,False,2019,-4.753166666666667,569.9369444444444,9.7065,6.389589409722222,True,-16.433333333333334,0.65,,569.0,9.1,False,False,True,False,True,-7.555,583.1,10.88,119.59999999999997,56.0,46.0
10,7,17.166666666666668,core,2019-01-29 00:00:00,36,0.32,,368.0,4.5,,2019-01-29 00:00:00,284,2019-01-29 17:10:00,2019-01-29 17:10:00,2019-01-29 15:32:00,2019-01-30 21:52:00,30.333333333333332,2,2,"DRBS,LMKS",5.044135288404846,7.851667444498639,5.530225320818165,2019-01-29 15:32:00,2019-01-29 18:48:00,2019-01-30 17:06:00,2019-01-30 21:52:00,2,"DRBS,LMKS",0,,5.044135288404846,5.044135288404846,7.851667444498639,core,supported_multi_station_candidate,B,False,2019,-4.444500000000001,421.1191666666667,14.662333333333333,8.534445312499999,True,-17.166666666666668,0.32,,368.0,4.5,False,False,True,False,True,-2.0,363.35,4.665,31.900000000000034,0.0,0.0
