group_id,repr_time,anchor_onset_time,time_start,time_end,group_span_h,n_trigger_events,n_trigger_stations,trigger_stations,trigger_drop_mean,trigger_drop_max,trigger_A_complex_mean,onset_min,onset_max,min_time_min,min_time_max,n_supported_stations,supported_stations,n_support_only_stations,support_only_stations,mean_supported_drop,median_supported_drop,max_supported_drop,catalog_tier,fd_scope,quality,promoted_from_single_trigger,year
4,2018-02-13 19:58:00+00:00,2018-02-13 13:02:00+00:00,2018-02-13 13:02:00+00:00,2018-02-13 19:58:00+00:00,6.933333333333334,1,1,KERG,3.785752991812168,3.785752991812168,5.420930221394485,2018-02-13 13:02:00+00:00,2018-02-13 13:02:00+00:00,2018-02-13 19:58:00+00:00,2018-02-13 19:58:00+00:00,1,KERG,0,,3.785752991812168,3.785752991812168,3.785752991812168,exploratory,single_station_candidate,C,False,2018
6,2018-02-18 00:28:00+00:00,2018-02-17 22:22:00+00:00,2018-02-17 22:22:00+00:00,2018-02-18 00:28:00+00:00,2.1,1,1,KERG,3.7399791670500857,3.7399791670500857,3.1037643863755773,2018-02-17 22:22:00+00:00,2018-02-17 22:22:00+00:00,2018-02-18 00:28:00+00:00,2018-02-18 00:28:00+00:00,1,KERG,0,,3.7399791670500857,3.7399791670500857,3.7399791670500857,exploratory,single_station_candidate,C,False,2018
15,2018-04-14 19:10:00+00:00,2018-04-13 16:22:00+00:00,2018-04-13 16:22:00+00:00,2018-04-14 19:10:00+00:00,26.8,1,1,KERG,3.806523217349288,3.806523217349288,5.500282741730465,2018-04-13 16:22:00+00:00,2018-04-13 16:22:00+00:00,2018-04-14 19:10:00+00:00,2018-04-14 19:10:00+00:00,1,KERG,0,,3.806523217349288,3.806523217349288,3.806523217349288,exploratory,single_station_candidate,C,False,2018
18,2018-04-24 01:44:00+00:00,2018-04-22 17:42:00+00:00,2018-04-22 17:42:00+00:00,2018-04-24 01:44:00+00:00,32.03333333333333,1,1,JUNG1,2.987627115116271,2.987627115116271,7.609422159478712,2018-04-22 17:42:00+00:00,2018-04-22 17:42:00+00:00,2018-04-24 01:44:00+00:00,2018-04-24 01:44:00+00:00,1,JUNG1,0,,2.987627115116271,2.987627115116271,2.987627115116271,exploratory,single_station_candidate,C,False,2018
19,2018-04-26 07:08:00+00:00,2018-04-25 00:20:00+00:00,2018-04-25 00:20:00+00:00,2018-04-26 07:08:00+00:00,30.8,1,1,LMKS,3.1374405831750005,3.1374405831750005,6.527062055236917,2018-04-25 00:20:00+00:00,2018-04-25 00:20:00+00:00,2018-04-26 07:08:00+00:00,2018-04-26 07:08:00+00:00,1,LMKS,0,,3.1374405831750005,3.1374405831750005,3.1374405831750005,exploratory,single_station_candidate,C,False,2018
30,2018-06-05 00:18:00+00:00,2018-06-04 22:26:00+00:00,2018-06-04 22:26:00+00:00,2018-06-05 00:18:00+00:00,1.8666666666666667,1,1,APTY,3.3281076715886844,3.3281076715886844,4.996928696205997,2018-06-04 22:26:00+00:00,2018-06-04 22:26:00+00:00,2018-06-05 00:18:00+00:00,2018-06-05 00:18:00+00:00,1,APTY,0,,3.3281076715886844,3.3281076715886844,3.3281076715886844,exploratory,single_station_candidate,C,False,2018
36,2018-06-27 19:00:00+00:00,2018-06-27 09:24:00+00:00,2018-06-27 09:24:00+00:00,2018-06-27 19:00:00+00:00,9.6,1,1,LMKS,2.29712809547653,2.29712809547653,9.326997558104548,2018-06-27 09:24:00+00:00,2018-06-27 09:24:00+00:00,2018-06-27 19:00:00+00:00,2018-06-27 19:00:00+00:00,1,LMKS,0,,2.29712809547653,2.29712809547653,2.29712809547653,exploratory,single_station_candidate,C,False,2018
44,2018-07-30 06:52:00+00:00,2018-07-29 07:58:00+00:00,2018-07-29 07:58:00+00:00,2018-07-30 06:52:00+00:00,22.9,1,1,AATB,2.323916149691557,2.323916149691557,6.449266751438535,2018-07-29 07:58:00+00:00,2018-07-29 07:58:00+00:00,2018-07-30 06:52:00+00:00,2018-07-30 06:52:00+00:00,1,AATB,0,,2.323916149691557,2.323916149691557,2.323916149691557,exploratory,single_station_candidate,C,False,2018
45,2018-08-02 23:52:00+00:00,2018-08-01 23:50:00+00:00,2018-08-01 23:50:00+00:00,2018-08-02 23:52:00+00:00,24.033333333333335,1,1,KERG,2.9926244862691633,2.9926244862691633,3.816689875334264,2018-08-01 23:50:00+00:00,2018-08-01 23:50:00+00:00,2018-08-02 23:52:00+00:00,2018-08-02 23:52:00+00:00,1,KERG,0,,2.9926244862691633,2.9926244862691633,2.9926244862691633,exploratory,single_station_candidate,C,False,2018
47,2018-08-08 00:56:00+00:00,2018-08-07 12:42:00+00:00,2018-08-07 12:42:00+00:00,2018-08-08 00:56:00+00:00,12.233333333333333,1,1,KERG,4.162914839291343,4.162914839291343,4.440749346591776,2018-08-07 12:42:00+00:00,2018-08-07 12:42:00+00:00,2018-08-08 00:56:00+00:00,2018-08-08 00:56:00+00:00,1,KERG,0,,4.162914839291343,4.162914839291343,4.162914839291343,exploratory,single_station_candidate,C,False,2018
52,2018-08-29 15:02:00+00:00,2018-08-29 11:30:00+00:00,2018-08-29 11:30:00+00:00,2018-08-29 15:02:00+00:00,3.533333333333333,1,1,KERG,2.997612289246661,2.997612289246661,3.286972840221781,2018-08-29 11:30:00+00:00,2018-08-29 11:30:00+00:00,2018-08-29 15:02:00+00:00,2018-08-29 15:02:00+00:00,1,KERG,0,,2.997612289246661,2.997612289246661,2.997612289246661,exploratory,single_station_candidate,C,False,2018
56,2018-09-14 16:28:00+00:00,2018-09-14 13:36:00+00:00,2018-09-14 13:36:00+00:00,2018-09-14 16:28:00+00:00,2.8666666666666667,1,1,LMKS,2.1420921306974736,2.1420921306974736,6.463682754088841,2018-09-14 13:36:00+00:00,2018-09-14 13:36:00+00:00,2018-09-14 16:28:00+00:00,2018-09-14 16:28:00+00:00,1,LMKS,0,,2.1420921306974736,2.1420921306974736,2.1420921306974736,exploratory,single_station_candidate,C,False,2018
58,2018-09-27 00:12:00+00:00,2018-09-25 22:42:00+00:00,2018-09-25 22:42:00+00:00,2018-09-27 00:12:00+00:00,25.5,1,1,KERG,5.2375858929592845,5.2375858929592845,8.686273554644044,2018-09-25 22:42:00+00:00,2018-09-25 22:42:00+00:00,2018-09-27 00:12:00+00:00,2018-09-27 00:12:00+00:00,1,KERG,0,,5.2375858929592845,5.2375858929592845,5.2375858929592845,exploratory,single_station_candidate,C,False,2018
62,2018-10-09 09:14:00+00:00,2018-10-08 19:10:00+00:00,2018-10-08 19:10:00+00:00,2018-10-09 09:14:00+00:00,14.066666666666666,1,1,LMKS,2.4582581985841228,2.4582581985841228,5.965064307383819,2018-10-08 19:10:00+00:00,2018-10-08 19:10:00+00:00,2018-10-09 09:14:00+00:00,2018-10-09 09:14:00+00:00,1,LMKS,0,,2.4582581985841228,2.4582581985841228,2.4582581985841228,exploratory,single_station_candidate,C,False,2018
64,2018-10-13 15:24:00+00:00,2018-10-13 13:46:00+00:00,2018-10-13 13:46:00+00:00,2018-10-13 15:24:00+00:00,1.6333333333333333,1,1,AATB,4.409503591178828,4.409503591178828,5.130824956143847,2018-10-13 13:46:00+00:00,2018-10-13 13:46:00+00:00,2018-10-13 15:24:00+00:00,2018-10-13 15:24:00+00:00,1,AATB,0,,4.409503591178828,4.409503591178828,4.409503591178828,exploratory,single_station_candidate,C,False,2018
66,2018-10-18 00:52:00+00:00,2018-10-17 10:46:00+00:00,2018-10-17 10:46:00+00:00,2018-10-18 00:52:00+00:00,14.1,1,1,AATB,2.4131523102195436,2.4131523102195436,6.027025713047762,2018-10-17 10:46:00+00:00,2018-10-17 10:46:00+00:00,2018-10-18 00:52:00+00:00,2018-10-18 00:52:00+00:00,1,AATB,0,,2.4131523102195436,2.4131523102195436,2.4131523102195436,exploratory,single_station_candidate,C,False,2018
74,2018-11-21 20:02:00+00:00,2018-11-21 08:26:00+00:00,2018-11-21 08:26:00+00:00,2018-11-21 20:02:00+00:00,11.6,1,1,AATB,2.005500875355456,2.005500875355456,7.063994946635396,2018-11-21 08:26:00+00:00,2018-11-21 08:26:00+00:00,2018-11-21 20:02:00+00:00,2018-11-21 20:02:00+00:00,1,AATB,0,,2.005500875355456,2.005500875355456,2.005500875355456,exploratory,single_station_candidate,C,False,2018
80,2018-12-16 02:46:00+00:00,2018-12-14 21:48:00+00:00,2018-12-14 21:48:00+00:00,2018-12-16 02:46:00+00:00,28.966666666666665,1,1,JUNG1,4.052706526208347,4.052706526208347,4.69422031559396,2018-12-14 21:48:00+00:00,2018-12-14 21:48:00+00:00,2018-12-16 02:46:00+00:00,2018-12-16 02:46:00+00:00,1,JUNG1,0,,4.052706526208347,4.052706526208347,4.052706526208347,exploratory,single_station_candidate,C,False,2018
97,2019-02-05 02:24:00+00:00,2019-02-04 12:08:00+00:00,2019-02-04 12:08:00+00:00,2019-02-05 02:24:00+00:00,14.266666666666667,1,1,KERG,3.4369486714000663,3.4369486714000663,8.355639012995804,2019-02-04 12:08:00+00:00,2019-02-04 12:08:00+00:00,2019-02-05 02:24:00+00:00,2019-02-05 02:24:00+00:00,1,KERG,0,,3.4369486714000663,3.4369486714000663,3.4369486714000663,exploratory,single_station_candidate,C,False,2019
104,2019-03-04 23:04:00+00:00,2019-03-04 20:38:00+00:00,2019-03-04 20:38:00+00:00,2019-03-04 23:04:00+00:00,2.433333333333333,1,1,LMKS,2.684775696639613,2.684775696639613,11.834657245783944,2019-03-04 20:38:00+00:00,2019-03-04 20:38:00+00:00,2019-03-04 23:04:00+00:00,2019-03-04 23:04:00+00:00,1,LMKS,0,,2.684775696639613,2.684775696639613,2.684775696639613,exploratory,single_station_candidate,C,False,2019
112,2019-03-31 19:26:00+00:00,2019-03-31 02:26:00+00:00,2019-03-31 02:26:00+00:00,2019-03-31 19:26:00+00:00,17.0,1,1,APTY,3.4743015199349205,3.4743015199349205,3.243163095574415,2019-03-31 02:26:00+00:00,2019-03-31 02:26:00+00:00,2019-03-31 19:26:00+00:00,2019-03-31 19:26:00+00:00,1,APTY,0,,3.4743015199349205,3.4743015199349205,3.4743015199349205,exploratory,single_station_candidate,C,False,2019
117,2019-04-28 17:18:00+00:00,2019-04-27 13:16:00+00:00,2019-04-27 13:16:00+00:00,2019-04-28 17:18:00+00:00,28.033333333333335,1,1,LMKS,5.933574532700791,5.933574532700791,4.385862774811571,2019-04-27 13:16:00+00:00,2019-04-27 13:16:00+00:00,2019-04-28 17:18:00+00:00,2019-04-28 17:18:00+00:00,1,LMKS,0,,5.933574532700791,5.933574532700791,5.933574532700791,exploratory,single_station_candidate,C,False,2019
127,2019-06-01 12:30:00+00:00,2019-05-31 22:20:00+00:00,2019-05-31 22:20:00+00:00,2019-06-01 12:30:00+00:00,14.166666666666666,1,1,AATB,2.6500370704097795,2.6500370704097795,4.742483967032374,2019-05-31 22:20:00+00:00,2019-05-31 22:20:00+00:00,2019-06-01 12:30:00+00:00,2019-06-01 12:30:00+00:00,1,AATB,0,,2.6500370704097795,2.6500370704097795,2.6500370704097795,exploratory,single_station_candidate,C,False,2019
131,2019-06-22 17:50:00+00:00,2019-06-21 20:40:00+00:00,2019-06-21 20:40:00+00:00,2019-06-22 17:50:00+00:00,21.166666666666668,1,1,JUNG1,3.0163249301827015,3.0163249301827015,4.260740027327144,2019-06-21 20:40:00+00:00,2019-06-21 20:40:00+00:00,2019-06-22 17:50:00+00:00,2019-06-22 17:50:00+00:00,1,JUNG1,0,,3.0163249301827015,3.0163249301827015,3.0163249301827015,exploratory,single_station_candidate,C,False,2019
134,2019-07-07 02:14:00+00:00,2019-07-05 19:12:00+00:00,2019-07-05 19:12:00+00:00,2019-07-07 02:14:00+00:00,31.033333333333335,1,1,JUNG1,3.113110601822671,3.113110601822671,8.292905634934456,2019-07-05 19:12:00+00:00,2019-07-05 19:12:00+00:00,2019-07-07 02:14:00+00:00,2019-07-07 02:14:00+00:00,1,JUNG1,0,,3.113110601822671,3.113110601822671,3.113110601822671,exploratory,single_station_candidate,C,False,2019
135,2019-07-13 02:00:00+00:00,2019-07-12 06:54:00+00:00,2019-07-12 06:54:00+00:00,2019-07-13 02:00:00+00:00,19.1,1,1,JUNG1,4.525278130797939,4.525278130797939,7.618220595575661,2019-07-12 06:54:00+00:00,2019-07-12 06:54:00+00:00,2019-07-13 02:00:00+00:00,2019-07-13 02:00:00+00:00,1,JUNG1,0,,4.525278130797939,4.525278130797939,4.525278130797939,exploratory,single_station_candidate,C,False,2019
138,2019-07-28 21:28:00+00:00,2019-07-28 21:08:00+00:00,2019-07-28 21:08:00+00:00,2019-07-28 21:28:00+00:00,0.3333333333333333,1,1,JUNG1,4.2946169859434296,4.2946169859434296,10.058297086374578,2019-07-28 21:08:00+00:00,2019-07-28 21:08:00+00:00,2019-07-28 21:28:00+00:00,2019-07-28 21:28:00+00:00,1,JUNG1,0,,4.2946169859434296,4.2946169859434296,4.2946169859434296,exploratory,single_station_candidate,C,False,2019
143,2019-08-16 00:28:00+00:00,2019-08-14 16:38:00+00:00,2019-08-14 16:38:00+00:00,2019-08-16 00:28:00+00:00,31.833333333333332,1,1,AATB,2.911300683536864,2.911300683536864,8.753831497022153,2019-08-14 16:38:00+00:00,2019-08-14 16:38:00+00:00,2019-08-16 00:28:00+00:00,2019-08-16 00:28:00+00:00,1,AATB,0,,2.911300683536864,2.911300683536864,2.911300683536864,exploratory,single_station_candidate,C,False,2019
146,2019-08-23 20:58:00+00:00,2019-08-23 15:56:00+00:00,2019-08-23 15:56:00+00:00,2019-08-23 20:58:00+00:00,5.033333333333333,1,1,JUNG1,2.830584908813985,2.830584908813985,4.246552256269695,2019-08-23 15:56:00+00:00,2019-08-23 15:56:00+00:00,2019-08-23 20:58:00+00:00,2019-08-23 20:58:00+00:00,1,JUNG1,0,,2.830584908813985,2.830584908813985,2.830584908813985,exploratory,single_station_candidate,C,False,2019
153,2019-09-25 23:40:00+00:00,2019-09-24 18:10:00+00:00,2019-09-24 18:10:00+00:00,2019-09-25 23:40:00+00:00,29.5,1,1,KERG,3.24649074555779,3.24649074555779,10.933826498335186,2019-09-24 18:10:00+00:00,2019-09-24 18:10:00+00:00,2019-09-25 23:40:00+00:00,2019-09-25 23:40:00+00:00,1,KERG,0,,3.24649074555779,3.24649074555779,3.24649074555779,exploratory,single_station_candidate,C,False,2019
160,2019-10-22 04:00:00+00:00,2019-10-21 15:54:00+00:00,2019-10-21 15:54:00+00:00,2019-10-22 04:00:00+00:00,12.1,1,1,DOMC,8.225395999114978,8.225395999114978,6.213927840182495,2019-10-21 15:54:00+00:00,2019-10-21 15:54:00+00:00,2019-10-22 04:00:00+00:00,2019-10-22 04:00:00+00:00,1,DOMC,0,,8.225395999114978,8.225395999114978,8.225395999114978,exploratory,single_station_candidate,C,False,2019
167,2019-11-26 21:06:00+00:00,2019-11-25 13:14:00+00:00,2019-11-25 13:14:00+00:00,2019-11-26 21:06:00+00:00,31.866666666666667,1,1,KERG,2.728120042665031,2.728120042665031,6.58302366479257,2019-11-25 13:14:00+00:00,2019-11-25 13:14:00+00:00,2019-11-26 21:06:00+00:00,2019-11-26 21:06:00+00:00,1,KERG,0,,2.728120042665031,2.728120042665031,2.728120042665031,exploratory,single_station_candidate,C,False,2019
174,2019-12-26 02:48:00+00:00,2019-12-25 05:46:00+00:00,2019-12-25 05:46:00+00:00,2019-12-26 02:48:00+00:00,21.033333333333335,1,1,LMKS,3.5951187446882384,3.5951187446882384,7.314797049990871,2019-12-25 05:46:00+00:00,2019-12-25 05:46:00+00:00,2019-12-26 02:48:00+00:00,2019-12-26 02:48:00+00:00,1,LMKS,0,,3.5951187446882384,3.5951187446882384,3.5951187446882384,exploratory,single_station_candidate,C,False,2019
177,2020-01-03 23:08:00+00:00,2020-01-03 04:48:00+00:00,2020-01-03 04:48:00+00:00,2020-01-03 23:08:00+00:00,18.333333333333332,1,1,LMKS,2.6023897649199297,2.6023897649199297,8.7130940066764,2020-01-03 04:48:00+00:00,2020-01-03 04:48:00+00:00,2020-01-03 23:08:00+00:00,2020-01-03 23:08:00+00:00,1,LMKS,0,,2.6023897649199297,2.6023897649199297,2.6023897649199297,exploratory,single_station_candidate,C,False,2020
179,2020-01-11 19:12:00+00:00,2020-01-10 08:56:00+00:00,2020-01-10 08:56:00+00:00,2020-01-11 19:12:00+00:00,34.266666666666666,1,1,JUNG1,3.1693710486110938,3.1693710486110938,9.389361036394778,2020-01-10 08:56:00+00:00,2020-01-10 08:56:00+00:00,2020-01-11 19:12:00+00:00,2020-01-11 19:12:00+00:00,1,JUNG1,0,,3.1693710486110938,3.1693710486110938,3.1693710486110938,exploratory,single_station_candidate,C,False,2020
191,2020-02-25 21:34:00+00:00,2020-02-24 09:50:00+00:00,2020-02-24 09:50:00+00:00,2020-02-25 21:34:00+00:00,35.733333333333334,1,1,AATB,3.4365851701739225,3.4365851701739225,10.49015121843282,2020-02-24 09:50:00+00:00,2020-02-24 09:50:00+00:00,2020-02-25 21:34:00+00:00,2020-02-25 21:34:00+00:00,1,AATB,0,,3.4365851701739225,3.4365851701739225,3.4365851701739225,exploratory,single_station_candidate,C,False,2020
196,2020-03-06 09:10:00+00:00,2020-03-05 16:46:00+00:00,2020-03-05 16:46:00+00:00,2020-03-06 09:10:00+00:00,16.4,1,1,INVK,3.401363141967822,3.401363141967822,4.592705406404881,2020-03-05 16:46:00+00:00,2020-03-05 16:46:00+00:00,2020-03-06 09:10:00+00:00,2020-03-06 09:10:00+00:00,1,INVK,0,,3.401363141967822,3.401363141967822,3.401363141967822,exploratory,single_station_candidate,C,False,2020
202,2020-04-01 03:06:00+00:00,2020-03-31 19:02:00+00:00,2020-03-31 19:02:00+00:00,2020-04-01 03:06:00+00:00,8.066666666666666,1,1,KERG,3.469038740777578,3.469038740777578,4.186706952954752,2020-03-31 19:02:00+00:00,2020-03-31 19:02:00+00:00,2020-04-01 03:06:00+00:00,2020-04-01 03:06:00+00:00,1,KERG,0,,3.469038740777578,3.469038740777578,3.469038740777578,exploratory,single_station_candidate,C,False,2020
208,2020-04-24 18:24:00+00:00,2020-04-23 21:42:00+00:00,2020-04-23 21:42:00+00:00,2020-04-24 18:24:00+00:00,20.7,1,1,KERG,3.150393686120903,3.150393686120903,7.751343940648874,2020-04-23 21:42:00+00:00,2020-04-23 21:42:00+00:00,2020-04-24 18:24:00+00:00,2020-04-24 18:24:00+00:00,1,KERG,0,,3.150393686120903,3.150393686120903,3.150393686120903,exploratory,single_station_candidate,C,False,2020
209,2020-04-27 03:40:00+00:00,2020-04-26 01:34:00+00:00,2020-04-26 01:34:00+00:00,2020-04-27 03:40:00+00:00,26.1,1,1,KERG,2.8808980621079825,2.8808980621079825,13.70675293284987,2020-04-26 01:34:00+00:00,2020-04-26 01:34:00+00:00,2020-04-27 03:40:00+00:00,2020-04-27 03:40:00+00:00,1,KERG,0,,2.8808980621079825,2.8808980621079825,2.8808980621079825,exploratory,single_station_candidate,C,False,2020
211,2020-05-02 16:28:00+00:00,2020-05-01 23:36:00+00:00,2020-05-01 23:36:00+00:00,2020-05-02 16:28:00+00:00,16.866666666666667,1,1,JUNG1,3.0598494591385856,3.0598494591385856,8.474136853954592,2020-05-01 23:36:00+00:00,2020-05-01 23:36:00+00:00,2020-05-02 16:28:00+00:00,2020-05-02 16:28:00+00:00,1,JUNG1,0,,3.0598494591385856,3.0598494591385856,3.0598494591385856,exploratory,single_station_candidate,C,False,2020
215,2020-05-16 21:12:00+00:00,2020-05-16 06:02:00+00:00,2020-05-16 06:02:00+00:00,2020-05-16 21:12:00+00:00,15.166666666666666,1,1,JUNG1,3.7704176073565496,3.7704176073565496,7.7537413290549075,2020-05-16 06:02:00+00:00,2020-05-16 06:02:00+00:00,2020-05-16 21:12:00+00:00,2020-05-16 21:12:00+00:00,1,JUNG1,0,,3.7704176073565496,3.7704176073565496,3.7704176073565496,exploratory,single_station_candidate,C,False,2020
221,2020-06-04 00:26:00+00:00,2020-06-02 20:16:00+00:00,2020-06-02 20:16:00+00:00,2020-06-04 00:26:00+00:00,28.166666666666668,1,1,KERG,2.9553269421892696,2.9553269421892696,3.5677246087453156,2020-06-02 20:16:00+00:00,2020-06-02 20:16:00+00:00,2020-06-04 00:26:00+00:00,2020-06-04 00:26:00+00:00,1,KERG,0,,2.9553269421892696,2.9553269421892696,2.9553269421892696,exploratory,single_station_candidate,C,False,2020
222,2020-06-04 17:46:00+00:00,2020-06-04 14:52:00+00:00,2020-06-04 14:52:00+00:00,2020-06-04 17:46:00+00:00,2.9,1,1,JUNG1,3.7053119312113023,3.7053119312113023,7.22092576803197,2020-06-04 14:52:00+00:00,2020-06-04 14:52:00+00:00,2020-06-04 17:46:00+00:00,2020-06-04 17:46:00+00:00,1,JUNG1,0,,3.7053119312113023,3.7053119312113023,3.7053119312113023,exploratory,single_station_candidate,C,False,2020
226,2020-06-25 22:24:00+00:00,2020-06-24 18:40:00+00:00,2020-06-24 18:40:00+00:00,2020-06-25 22:24:00+00:00,27.733333333333334,1,1,LMKS,2.6591362448021463,2.6591362448021463,6.791835707461582,2020-06-24 18:40:00+00:00,2020-06-24 18:40:00+00:00,2020-06-25 22:24:00+00:00,2020-06-25 22:24:00+00:00,1,LMKS,0,,2.6591362448021463,2.6591362448021463,2.6591362448021463,exploratory,single_station_candidate,C,False,2020
231,2020-07-09 00:08:00+00:00,2020-07-07 23:40:00+00:00,2020-07-07 23:40:00+00:00,2020-07-09 00:08:00+00:00,24.466666666666665,1,1,KERG,2.8707683302580738,2.8707683302580738,11.377804883808468,2020-07-07 23:40:00+00:00,2020-07-07 23:40:00+00:00,2020-07-09 00:08:00+00:00,2020-07-09 00:08:00+00:00,1,KERG,0,,2.8707683302580738,2.8707683302580738,2.8707683302580738,exploratory,single_station_candidate,C,False,2020
233,2020-07-14 10:04:00+00:00,2020-07-13 19:18:00+00:00,2020-07-13 19:18:00+00:00,2020-07-14 10:04:00+00:00,14.766666666666667,1,1,INVK,4.09069443517284,4.09069443517284,8.492161445945268,2020-07-13 19:18:00+00:00,2020-07-13 19:18:00+00:00,2020-07-14 10:04:00+00:00,2020-07-14 10:04:00+00:00,1,INVK,0,,4.09069443517284,4.09069443517284,4.09069443517284,exploratory,single_station_candidate,C,False,2020
238,2020-08-08 12:12:00+00:00,2020-08-07 02:16:00+00:00,2020-08-07 02:16:00+00:00,2020-08-08 12:12:00+00:00,33.93333333333333,1,1,KERG,3.368151533193275,3.368151533193275,3.324352354212934,2020-08-07 02:16:00+00:00,2020-08-07 02:16:00+00:00,2020-08-08 12:12:00+00:00,2020-08-08 12:12:00+00:00,1,KERG,0,,3.368151533193275,3.368151533193275,3.368151533193275,exploratory,single_station_candidate,C,False,2020
240,2020-08-18 22:48:00+00:00,2020-08-18 04:56:00+00:00,2020-08-18 04:56:00+00:00,2020-08-18 22:48:00+00:00,17.866666666666667,1,1,APTY,4.284397785974793,4.284397785974793,10.13640142128764,2020-08-18 04:56:00+00:00,2020-08-18 04:56:00+00:00,2020-08-18 22:48:00+00:00,2020-08-18 22:48:00+00:00,1,APTY,0,,4.284397785974793,4.284397785974793,4.284397785974793,exploratory,single_station_candidate,C,False,2020
245,2020-09-18 08:54:00+00:00,2020-09-17 13:46:00+00:00,2020-09-17 13:46:00+00:00,2020-09-18 08:54:00+00:00,19.133333333333333,1,1,KERG,3.207990227560402,3.207990227560402,6.818777945101845,2020-09-17 13:46:00+00:00,2020-09-17 13:46:00+00:00,2020-09-18 08:54:00+00:00,2020-09-18 08:54:00+00:00,1,KERG,0,,3.207990227560402,3.207990227560402,3.207990227560402,exploratory,single_station_candidate,C,False,2020
252,2020-10-21 15:42:00+00:00,2020-10-21 09:50:00+00:00,2020-10-21 09:50:00+00:00,2020-10-21 15:42:00+00:00,5.866666666666666,1,1,KERG,3.2958892610621975,3.2958892610621975,3.806036911207578,2020-10-21 09:50:00+00:00,2020-10-21 09:50:00+00:00,2020-10-21 15:42:00+00:00,2020-10-21 15:42:00+00:00,1,KERG,0,,3.2958892610621975,3.2958892610621975,3.2958892610621975,exploratory,single_station_candidate,C,False,2020
254,2020-10-28 02:08:00+00:00,2020-10-26 23:48:00+00:00,2020-10-26 23:48:00+00:00,2020-10-28 02:08:00+00:00,26.333333333333332,1,1,JUNG1,2.8028420059981447,2.8028420059981447,5.243066663832659,2020-10-26 23:48:00+00:00,2020-10-26 23:48:00+00:00,2020-10-28 02:08:00+00:00,2020-10-28 02:08:00+00:00,1,JUNG1,0,,2.8028420059981447,2.8028420059981447,2.8028420059981447,exploratory,single_station_candidate,C,False,2020
267,2020-12-25 19:58:00+00:00,2020-12-24 23:36:00+00:00,2020-12-24 23:36:00+00:00,2020-12-25 19:58:00+00:00,20.366666666666667,1,1,KERG,4.34468375958964,4.34468375958964,5.8279121173214845,2020-12-24 23:36:00+00:00,2020-12-24 23:36:00+00:00,2020-12-25 19:58:00+00:00,2020-12-25 19:58:00+00:00,1,KERG,0,,4.34468375958964,4.34468375958964,4.34468375958964,exploratory,single_station_candidate,C,False,2020
271,2021-01-03 23:18:00+00:00,2021-01-02 20:56:00+00:00,2021-01-02 20:56:00+00:00,2021-01-03 23:18:00+00:00,26.366666666666667,1,1,KERG,4.24047422602508,4.24047422602508,5.311498593587769,2021-01-02 20:56:00+00:00,2021-01-02 20:56:00+00:00,2021-01-03 23:18:00+00:00,2021-01-03 23:18:00+00:00,1,KERG,0,,4.24047422602508,4.24047422602508,4.24047422602508,exploratory,single_station_candidate,C,False,2021
275,2021-01-15 23:26:00+00:00,2021-01-15 08:18:00+00:00,2021-01-15 08:18:00+00:00,2021-01-15 23:26:00+00:00,15.133333333333333,1,1,JUNG1,3.0776793147212516,3.0776793147212516,5.78216924415192,2021-01-15 08:18:00+00:00,2021-01-15 08:18:00+00:00,2021-01-15 23:26:00+00:00,2021-01-15 23:26:00+00:00,1,JUNG1,0,,3.0776793147212516,3.0776793147212516,3.0776793147212516,exploratory,single_station_candidate,C,False,2021
278,2021-01-23 05:14:00+00:00,2021-01-23 03:44:00+00:00,2021-01-23 03:44:00+00:00,2021-01-23 05:14:00+00:00,1.5,1,1,JUNG1,3.324361369880831,3.324361369880831,3.376812956676941,2021-01-23 03:44:00+00:00,2021-01-23 03:44:00+00:00,2021-01-23 05:14:00+00:00,2021-01-23 05:14:00+00:00,1,JUNG1,0,,3.324361369880831,3.324361369880831,3.324361369880831,exploratory,single_station_candidate,C,False,2021
281,2021-02-03 02:30:00+00:00,2021-02-02 22:06:00+00:00,2021-02-02 22:06:00+00:00,2021-02-03 02:30:00+00:00,4.4,1,1,LMKS,2.4152448751142117,2.4152448751142117,6.212745772244503,2021-02-02 22:06:00+00:00,2021-02-02 22:06:00+00:00,2021-02-03 02:30:00+00:00,2021-02-03 02:30:00+00:00,1,LMKS,0,,2.4152448751142117,2.4152448751142117,2.4152448751142117,exploratory,single_station_candidate,C,False,2021
290,2021-03-10 21:22:00+00:00,2021-03-09 13:40:00+00:00,2021-03-09 13:40:00+00:00,2021-03-10 21:22:00+00:00,31.7,1,1,JUNG1,2.873164005589831,2.873164005589831,4.73965437732492,2021-03-09 13:40:00+00:00,2021-03-09 13:40:00+00:00,2021-03-10 21:22:00+00:00,2021-03-10 21:22:00+00:00,1,JUNG1,0,,2.873164005589831,2.873164005589831,2.873164005589831,exploratory,single_station_candidate,C,False,2021
293,2021-03-27 17:48:00+00:00,2021-03-26 06:50:00+00:00,2021-03-26 06:50:00+00:00,2021-03-27 17:48:00+00:00,34.96666666666667,1,1,LMKS,3.37638437356205,3.37638437356205,3.8508555144691536,2021-03-26 06:50:00+00:00,2021-03-26 06:50:00+00:00,2021-03-27 17:48:00+00:00,2021-03-27 17:48:00+00:00,1,LMKS,0,,3.37638437356205,3.37638437356205,3.37638437356205,exploratory,single_station_candidate,C,False,2021
296,2021-04-13 00:38:00+00:00,2021-04-12 22:54:00+00:00,2021-04-12 22:54:00+00:00,2021-04-13 00:38:00+00:00,1.7333333333333334,1,1,LMKS,3.1001115510510706,3.1001115510510706,11.483796548129089,2021-04-12 22:54:00+00:00,2021-04-12 22:54:00+00:00,2021-04-13 00:38:00+00:00,2021-04-13 00:38:00+00:00,1,LMKS,0,,3.1001115510510706,3.1001115510510706,3.1001115510510706,exploratory,single_station_candidate,C,False,2021
301,2021-05-04 14:20:00+00:00,2021-05-03 12:26:00+00:00,2021-05-03 12:26:00+00:00,2021-05-04 14:20:00+00:00,25.9,1,1,LMKS,2.6052532826671073,2.6052532826671073,8.158076252711629,2021-05-03 12:26:00+00:00,2021-05-03 12:26:00+00:00,2021-05-04 14:20:00+00:00,2021-05-04 14:20:00+00:00,1,LMKS,0,,2.6052532826671073,2.6052532826671073,2.6052532826671073,exploratory,single_station_candidate,C,False,2021
304,2021-05-14 04:10:00+00:00,2021-05-12 18:04:00+00:00,2021-05-12 18:04:00+00:00,2021-05-14 04:10:00+00:00,34.1,1,1,LMKS,2.69216919783219,2.69216919783219,6.677022464816328,2021-05-12 18:04:00+00:00,2021-05-12 18:04:00+00:00,2021-05-14 04:10:00+00:00,2021-05-14 04:10:00+00:00,1,LMKS,0,,2.69216919783219,2.69216919783219,2.69216919783219,exploratory,single_station_candidate,C,False,2021
306,2021-05-22 01:08:00+00:00,2021-05-21 05:12:00+00:00,2021-05-21 05:12:00+00:00,2021-05-22 01:08:00+00:00,19.933333333333337,1,1,LMKS,4.268612478736864,4.268612478736864,7.1039357907082055,2021-05-21 05:12:00+00:00,2021-05-21 05:12:00+00:00,2021-05-22 01:08:00+00:00,2021-05-22 01:08:00+00:00,1,LMKS,0,,4.268612478736864,4.268612478736864,4.268612478736864,exploratory,single_station_candidate,C,False,2021
311,2021-06-05 21:14:00+00:00,2021-06-05 10:42:00+00:00,2021-06-05 10:42:00+00:00,2021-06-05 21:14:00+00:00,10.533333333333331,1,1,KERG,4.397672731910763,4.397672731910763,5.970695631113949,2021-06-05 10:42:00+00:00,2021-06-05 10:42:00+00:00,2021-06-05 21:14:00+00:00,2021-06-05 21:14:00+00:00,1,KERG,0,,4.397672731910763,4.397672731910763,4.397672731910763,exploratory,single_station_candidate,C,False,2021
319,2021-07-07 17:12:00+00:00,2021-07-06 10:10:00+00:00,2021-07-06 10:10:00+00:00,2021-07-07 17:12:00+00:00,31.033333333333335,1,1,LMKS,2.4256742146085277,2.4256742146085277,7.260380358772068,2021-07-06 10:10:00+00:00,2021-07-06 10:10:00+00:00,2021-07-07 17:12:00+00:00,2021-07-07 17:12:00+00:00,1,LMKS,0,,2.4256742146085277,2.4256742146085277,2.4256742146085277,exploratory,single_station_candidate,C,False,2021
324,2021-07-23 22:24:00+00:00,2021-07-22 19:06:00+00:00,2021-07-22 19:06:00+00:00,2021-07-23 22:24:00+00:00,27.3,1,1,JUNG1,3.4110588159138406,3.4110588159138406,7.475821146852514,2021-07-22 19:06:00+00:00,2021-07-22 19:06:00+00:00,2021-07-23 22:24:00+00:00,2021-07-23 22:24:00+00:00,1,JUNG1,0,,3.4110588159138406,3.4110588159138406,3.4110588159138406,exploratory,single_station_candidate,C,False,2021
327,2021-08-08 01:00:00+00:00,2021-08-07 00:18:00+00:00,2021-08-07 00:18:00+00:00,2021-08-08 01:00:00+00:00,24.7,1,1,LMKS,2.547912644195536,2.547912644195536,7.708850987114329,2021-08-07 00:18:00+00:00,2021-08-07 00:18:00+00:00,2021-08-08 01:00:00+00:00,2021-08-08 01:00:00+00:00,1,LMKS,0,,2.547912644195536,2.547912644195536,2.547912644195536,exploratory,single_station_candidate,C,False,2021
337,2021-09-19 21:58:00+00:00,2021-09-19 18:02:00+00:00,2021-09-19 18:02:00+00:00,2021-09-19 21:58:00+00:00,3.933333333333333,1,1,JUNG1,4.99846076972994,4.99846076972994,6.961354893967453,2021-09-19 18:02:00+00:00,2021-09-19 18:02:00+00:00,2021-09-19 21:58:00+00:00,2021-09-19 21:58:00+00:00,1,JUNG1,0,,4.99846076972994,4.99846076972994,4.99846076972994,exploratory,single_station_candidate,C,False,2021
350,2021-11-16 23:26:00+00:00,2021-11-15 14:44:00+00:00,2021-11-15 14:44:00+00:00,2021-11-16 23:26:00+00:00,32.7,1,1,KERG,2.8782353148895607,2.8782353148895607,5.278732581137873,2021-11-15 14:44:00+00:00,2021-11-15 14:44:00+00:00,2021-11-16 23:26:00+00:00,2021-11-16 23:26:00+00:00,1,KERG,0,,2.8782353148895607,2.8782353148895607,2.8782353148895607,exploratory,single_station_candidate,C,False,2021
352,2021-11-21 20:44:00+00:00,2021-11-21 10:24:00+00:00,2021-11-21 10:24:00+00:00,2021-11-21 20:44:00+00:00,10.333333333333334,1,1,KERG,2.9449502431530497,2.9449502431530497,3.9385229297817994,2021-11-21 10:24:00+00:00,2021-11-21 10:24:00+00:00,2021-11-21 20:44:00+00:00,2021-11-21 20:44:00+00:00,1,KERG,0,,2.9449502431530497,2.9449502431530497,2.9449502431530497,exploratory,single_station_candidate,C,False,2021
388,2022-04-19 15:14:00+00:00,2022-04-19 06:20:00+00:00,2022-04-19 06:20:00+00:00,2022-04-19 15:14:00+00:00,8.9,1,1,LMKS,2.6341537174454976,2.6341537174454976,8.553967232294136,2022-04-19 06:20:00+00:00,2022-04-19 06:20:00+00:00,2022-04-19 15:14:00+00:00,2022-04-19 15:14:00+00:00,1,LMKS,0,,2.6341537174454976,2.6341537174454976,2.6341537174454976,exploratory,single_station_candidate,C,False,2022
390,2022-04-24 16:48:00+00:00,2022-04-24 11:30:00+00:00,2022-04-24 11:30:00+00:00,2022-04-24 16:48:00+00:00,5.3,1,1,JUNG1,3.094408009533806,3.094408009533806,6.576504018421653,2022-04-24 11:30:00+00:00,2022-04-24 11:30:00+00:00,2022-04-24 16:48:00+00:00,2022-04-24 16:48:00+00:00,1,JUNG1,0,,3.094408009533806,3.094408009533806,3.094408009533806,exploratory,single_station_candidate,C,False,2022
399,2022-05-30 19:12:00+00:00,2022-05-30 06:20:00+00:00,2022-05-30 06:20:00+00:00,2022-05-30 19:12:00+00:00,12.866666666666667,1,1,KERG,3.6914834846034306,3.6914834846034306,6.444563449038042,2022-05-30 06:20:00+00:00,2022-05-30 06:20:00+00:00,2022-05-30 19:12:00+00:00,2022-05-30 19:12:00+00:00,1,KERG,0,,3.6914834846034306,3.6914834846034306,3.6914834846034306,exploratory,single_station_candidate,C,False,2022
400,2022-06-02 23:36:00+00:00,2022-06-02 09:50:00+00:00,2022-06-02 09:50:00+00:00,2022-06-02 23:36:00+00:00,13.766666666666667,1,1,KERG,2.465967185046491,2.465967185046491,6.678793607124035,2022-06-02 09:50:00+00:00,2022-06-02 09:50:00+00:00,2022-06-02 23:36:00+00:00,2022-06-02 23:36:00+00:00,1,KERG,0,,2.465967185046491,2.465967185046491,2.465967185046491,exploratory,single_station_candidate,C,False,2022
414,2022-08-01 02:04:00+00:00,2022-07-31 15:14:00+00:00,2022-07-31 15:14:00+00:00,2022-08-01 02:04:00+00:00,10.833333333333334,1,1,LMKS,3.5628049110594517,3.5628049110594517,4.6806979748056925,2022-07-31 15:14:00+00:00,2022-07-31 15:14:00+00:00,2022-08-01 02:04:00+00:00,2022-08-01 02:04:00+00:00,1,LMKS,0,,3.5628049110594517,3.5628049110594517,3.5628049110594517,exploratory,single_station_candidate,C,False,2022
417,2022-08-13 12:54:00+00:00,2022-08-13 00:06:00+00:00,2022-08-13 00:06:00+00:00,2022-08-13 12:54:00+00:00,12.8,1,1,KERG,4.108982088463965,4.108982088463965,6.37491343434021,2022-08-13 00:06:00+00:00,2022-08-13 00:06:00+00:00,2022-08-13 12:54:00+00:00,2022-08-13 12:54:00+00:00,1,KERG,0,,4.108982088463965,4.108982088463965,4.108982088463965,exploratory,single_station_candidate,C,False,2022
457,2023-02-11 19:28:00+00:00,2023-02-11 05:14:00+00:00,2023-02-11 05:14:00+00:00,2023-02-11 19:28:00+00:00,14.233333333333333,1,1,LMKS,3.076137363142088,3.076137363142088,10.543755380114304,2023-02-11 05:14:00+00:00,2023-02-11 05:14:00+00:00,2023-02-11 19:28:00+00:00,2023-02-11 19:28:00+00:00,1,LMKS,0,,3.076137363142088,3.076137363142088,3.076137363142088,exploratory,single_station_candidate,C,False,2023
468,2023-03-25 09:30:00+00:00,2023-03-25 02:52:00+00:00,2023-03-25 02:52:00+00:00,2023-03-25 09:30:00+00:00,6.633333333333334,1,1,JUNG1,3.1421630338210256,3.1421630338210256,6.126638155451242,2023-03-25 02:52:00+00:00,2023-03-25 02:52:00+00:00,2023-03-25 09:30:00+00:00,2023-03-25 09:30:00+00:00,1,JUNG1,0,,3.1421630338210256,3.1421630338210256,3.1421630338210256,exploratory,single_station_candidate,C,False,2023
488,2023-06-21 02:50:00+00:00,2023-06-20 20:14:00+00:00,2023-06-20 20:14:00+00:00,2023-06-21 02:50:00+00:00,6.6,1,1,KERG,3.651178171816636,3.651178171816636,3.861515450850057,2023-06-20 20:14:00+00:00,2023-06-20 20:14:00+00:00,2023-06-21 02:50:00+00:00,2023-06-21 02:50:00+00:00,1,KERG,0,,3.651178171816636,3.651178171816636,3.651178171816636,exploratory,single_station_candidate,C,False,2023
519,2023-11-09 10:54:00+00:00,2023-11-08 16:34:00+00:00,2023-11-08 16:34:00+00:00,2023-11-09 10:54:00+00:00,18.333333333333332,1,1,KERG,4.044059324798065,4.044059324798065,6.218462054627508,2023-11-08 16:34:00+00:00,2023-11-08 16:34:00+00:00,2023-11-09 10:54:00+00:00,2023-11-09 10:54:00+00:00,1,KERG,0,,4.044059324798065,4.044059324798065,4.044059324798065,exploratory,single_station_candidate,C,False,2023
524,2023-11-28 21:54:00+00:00,2023-11-28 04:02:00+00:00,2023-11-28 04:02:00+00:00,2023-11-28 21:54:00+00:00,17.866666666666667,1,1,JUNG1,3.962990023215128,3.962990023215128,3.3586955467427426,2023-11-28 04:02:00+00:00,2023-11-28 04:02:00+00:00,2023-11-28 21:54:00+00:00,2023-11-28 21:54:00+00:00,1,JUNG1,0,,3.962990023215128,3.962990023215128,3.962990023215128,exploratory,single_station_candidate,C,False,2023
534,2024-01-18 18:10:00+00:00,2024-01-18 09:26:00+00:00,2024-01-18 09:26:00+00:00,2024-01-18 18:10:00+00:00,8.733333333333333,1,1,INVK,3.661959731653449,3.661959731653449,11.227294755142468,2024-01-18 09:26:00+00:00,2024-01-18 09:26:00+00:00,2024-01-18 18:10:00+00:00,2024-01-18 18:10:00+00:00,1,INVK,0,,3.661959731653449,3.661959731653449,3.661959731653449,exploratory,single_station_candidate,C,False,2024
537,2024-01-27 21:10:00+00:00,2024-01-27 13:40:00+00:00,2024-01-27 13:40:00+00:00,2024-01-27 21:10:00+00:00,7.5,1,1,LMKS,2.8688889527131916,2.8688889527131916,5.466377431007096,2024-01-27 13:40:00+00:00,2024-01-27 13:40:00+00:00,2024-01-27 21:10:00+00:00,2024-01-27 21:10:00+00:00,1,LMKS,0,,2.8688889527131916,2.8688889527131916,2.8688889527131916,exploratory,single_station_candidate,C,False,2024
538,2024-01-30 03:08:00+00:00,2024-01-29 19:46:00+00:00,2024-01-29 19:46:00+00:00,2024-01-30 03:08:00+00:00,7.366666666666666,1,1,JUNG1,3.1060156346411736,3.1060156346411736,13.497410617838009,2024-01-29 19:46:00+00:00,2024-01-29 19:46:00+00:00,2024-01-30 03:08:00+00:00,2024-01-30 03:08:00+00:00,1,JUNG1,0,,3.1060156346411736,3.1060156346411736,3.1060156346411736,exploratory,single_station_candidate,C,False,2024
554,2024-03-30 20:48:00+00:00,2024-03-30 17:06:00+00:00,2024-03-30 17:06:00+00:00,2024-03-30 20:48:00+00:00,3.7,1,1,LMKS,3.0166483164478235,3.0166483164478235,8.913636367148902,2024-03-30 17:06:00+00:00,2024-03-30 17:06:00+00:00,2024-03-30 20:48:00+00:00,2024-03-30 20:48:00+00:00,1,LMKS,0,,3.0166483164478235,3.0166483164478235,3.0166483164478235,exploratory,single_station_candidate,C,False,2024
578,2024-07-10 09:24:00+00:00,2024-07-09 20:08:00+00:00,2024-07-09 20:08:00+00:00,2024-07-10 09:24:00+00:00,13.266666666666667,1,1,KERG,3.831016691943618,3.831016691943618,11.712815688242957,2024-07-09 20:08:00+00:00,2024-07-09 20:08:00+00:00,2024-07-10 09:24:00+00:00,2024-07-10 09:24:00+00:00,1,KERG,0,,3.831016691943618,3.831016691943618,3.831016691943618,exploratory,single_station_candidate,C,False,2024
579,2024-07-12 03:58:00+00:00,2024-07-11 00:00:00+00:00,2024-07-11 00:00:00+00:00,2024-07-12 03:58:00+00:00,27.966666666666665,1,1,JUNG1,3.2813761743212093,3.2813761743212093,3.640193395349358,2024-07-11 00:00:00+00:00,2024-07-11 00:00:00+00:00,2024-07-12 03:58:00+00:00,2024-07-12 03:58:00+00:00,1,JUNG1,0,,3.2813761743212093,3.2813761743212093,3.2813761743212093,exploratory,single_station_candidate,C,False,2024
610,2024-11-23 19:40:00+00:00,2024-11-23 00:02:00+00:00,2024-11-23 00:02:00+00:00,2024-11-23 19:40:00+00:00,19.633333333333333,1,1,KERG,3.582628957102965,3.582628957102965,14.1820348546682,2024-11-23 00:02:00+00:00,2024-11-23 00:02:00+00:00,2024-11-23 19:40:00+00:00,2024-11-23 19:40:00+00:00,1,KERG,0,,3.582628957102965,3.582628957102965,3.582628957102965,exploratory,single_station_candidate,C,False,2024
619,2025-01-03 00:08:00+00:00,2025-01-02 22:36:00+00:00,2025-01-02 22:36:00+00:00,2025-01-03 00:08:00+00:00,1.5333333333333334,1,1,JUNG1,3.459738917191486,3.459738917191486,6.05711873707255,2025-01-02 22:36:00+00:00,2025-01-02 22:36:00+00:00,2025-01-03 00:08:00+00:00,2025-01-03 00:08:00+00:00,1,JUNG1,0,,3.459738917191486,3.459738917191486,3.459738917191486,exploratory,single_station_candidate,C,False,2025
631,2025-02-27 04:12:00+00:00,2025-02-26 19:48:00+00:00,2025-02-26 19:48:00+00:00,2025-02-27 04:12:00+00:00,8.4,1,1,JUNG1,3.394803907640678,3.394803907640678,10.49973091772548,2025-02-26 19:48:00+00:00,2025-02-26 19:48:00+00:00,2025-02-27 04:12:00+00:00,2025-02-27 04:12:00+00:00,1,JUNG1,0,,3.394803907640678,3.394803907640678,3.394803907640678,exploratory,single_station_candidate,C,False,2025
649,2025-05-05 06:08:00+00:00,2025-05-04 20:02:00+00:00,2025-05-04 20:02:00+00:00,2025-05-05 06:08:00+00:00,10.1,1,1,DOMC,8.73316242116579,8.73316242116579,6.108052762583084,2025-05-04 20:02:00+00:00,2025-05-04 20:02:00+00:00,2025-05-05 06:08:00+00:00,2025-05-05 06:08:00+00:00,1,DOMC,0,,8.73316242116579,8.73316242116579,8.73316242116579,exploratory,single_station_candidate,C,False,2025
657,2025-06-05 06:48:00+00:00,2025-06-05 03:50:00+00:00,2025-06-05 03:50:00+00:00,2025-06-05 06:48:00+00:00,2.966666666666667,1,1,DOMC,10.940070975624083,10.940070975624083,4.379431183306119,2025-06-05 03:50:00+00:00,2025-06-05 03:50:00+00:00,2025-06-05 06:48:00+00:00,2025-06-05 06:48:00+00:00,1,DOMC,0,,10.940070975624083,10.940070975624083,10.940070975624083,exploratory,single_station_candidate,C,False,2025
662,2025-06-21 14:52:00+00:00,2025-06-21 10:50:00+00:00,2025-06-21 10:50:00+00:00,2025-06-21 14:52:00+00:00,4.033333333333333,1,1,JUNG1,3.4212006030197237,3.4212006030197237,6.384800829160511,2025-06-21 10:50:00+00:00,2025-06-21 10:50:00+00:00,2025-06-21 14:52:00+00:00,2025-06-21 14:52:00+00:00,1,JUNG1,0,,3.4212006030197237,3.4212006030197237,3.4212006030197237,exploratory,single_station_candidate,C,False,2025
671,2025-07-31 23:50:00+00:00,2025-07-30 21:20:00+00:00,2025-07-30 21:20:00+00:00,2025-07-31 23:50:00+00:00,26.5,1,1,KERG,4.3852908210406305,4.3852908210406305,7.170958025727819,2025-07-30 21:20:00+00:00,2025-07-30 21:20:00+00:00,2025-07-31 23:50:00+00:00,2025-07-31 23:50:00+00:00,1,KERG,0,,4.3852908210406305,4.3852908210406305,4.3852908210406305,exploratory,single_station_candidate,C,False,2025
695,2025-10-24 12:30:00+00:00,2025-10-24 10:14:00+00:00,2025-10-24 10:14:00+00:00,2025-10-24 12:30:00+00:00,2.2666666666666666,1,1,LMKS,2.608034159615671,2.608034159615671,3.104087526051829,2025-10-24 10:14:00+00:00,2025-10-24 10:14:00+00:00,2025-10-24 12:30:00+00:00,2025-10-24 12:30:00+00:00,1,LMKS,0,,2.608034159615671,2.608034159615671,2.608034159615671,exploratory,single_station_candidate,C,False,2025
