idx_izmiran,idx_catalog,dt_hours,subset,Date of event,MagnM,Axym,Azrange,TminM,DminM,OType,Bmax,Bzmin,Vmax,Dstmin,t_izmiran,group_id,repr_time,anchor_onset_time,time_start,time_end,group_span_h,n_trigger_events,n_trigger_stations,trigger_stations,trigger_drop_mean,trigger_drop_max,trigger_A_complex_mean,onset_min,onset_max,min_time_min,min_time_max,n_supported_stations,supported_stations,n_support_only_stations,support_only_stations,mean_supported_drop,median_supported_drop,max_supported_drop,catalog_tier,fd_scope,quality,promoted_from_single_trigger,year
70,54,0.0,all,2019.08.05 01:00:00,1.5,1.12,1.67,18,-0.29,9,17.1,-5.1,722.0,-53.0,2019-08-05 01:00:00+00:00,140,2019-08-05 01:00:00+00:00,2019-08-04 04:48:00+00:00,2019-08-03 10:14:00+00:00,2019-08-05 22:34:00+00:00,60.333333333333336,5,5,"APTY,INVK,JUNG1,KERG,LMKS",3.582951443980032,4.8952708901385025,5.906762465450146,2019-08-03 10:14:00+00:00,2019-08-04 11:16:00+00:00,2019-08-03 23:00:00+00:00,2019-08-05 22:34:00+00:00,5,"APTY,INVK,JUNG1,KERG,LMKS",0,,3.5829514439800314,3.610401476202201,4.8952708901385025,core,supported_multi_station_candidate,A,False,2019
81,62,0.1,all,2019.09.06 02:00:00,0.6,0.58,0.66,7,-0.25,9,5.7,-2.7,541.0,-22.0,2019-09-06 02:00:00+00:00,148,2019-09-06 02:06:00+00:00,2019-09-04 20:34:00+00:00,2019-09-04 20:34:00+00:00,2019-09-06 02:06:00+00:00,29.533333333333335,1,1,INVK,3.8944180646299227,3.8944180646299227,3.9758144569192613,2019-09-04 20:34:00+00:00,2019-09-04 20:34:00+00:00,2019-09-06 02:06:00+00:00,2019-09-06 02:06:00+00:00,2,"INVK,JUNG1",1,JUNG1,3.504637398393486,3.504637398393486,3.8944180646299227,core,supported_multi_station_candidate,B,True,2019
93,70,-0.36666666666666664,all,2019.10.07 12:00:00,0.4,0.73,0.62,8,-0.17,9,5.6,-3.4,410.0,-11.0,2019-10-07 12:00:00+00:00,156,2019-10-07 11:38:00+00:00,2019-10-06 22:38:00+00:00,2019-10-06 22:38:00+00:00,2019-10-07 11:38:00+00:00,13.0,1,1,KERG,3.7305578200448717,3.7305578200448717,5.62470151467277,2019-10-06 22:38:00+00:00,2019-10-06 22:38:00+00:00,2019-10-07 11:38:00+00:00,2019-10-07 11:38:00+00:00,3,"INVK,JUNG1,KERG",2,"INVK,JUNG1",3.5226305423966235,3.421717322634458,3.7305578200448717,core,supported_multi_station_candidate,B,True,2019
4,5,-0.6666666666666666,all,2019.01.15 11:00:00,0.4,1.06,0.57,15,-0.19,9,7.7,-2.6,417.0,-7.0,2019-01-15 11:00:00+00:00,91,2019-01-15 10:20:00+00:00,2019-01-14 05:24:00+00:00,2019-01-13 07:54:00+00:00,2019-01-16 23:24:00+00:00,87.5,4,4,"AATB,DOMC,KERG,LMKS",4.3065062537133905,8.123479933471211,4.934442716891003,2019-01-13 07:54:00+00:00,2019-01-16 02:22:00+00:00,2019-01-14 18:28:00+00:00,2019-01-16 23:24:00+00:00,5,"AATB,DOMC,JUNG1,KERG,LMKS",1,JUNG1,4.006130477389014,3.234473966588331,8.123479933471211,core,supported_multi_station_candidate,A,False,2019
36,33,-0.9,all,2019.05.03 18:00:00,0.4,0.97,0.94,11,-0.19,9,9.8,-4.0,505.0,-22.0,2019-05-03 18:00:00+00:00,119,2019-05-03 17:06:00+00:00,2019-05-03 00:06:00+00:00,2019-05-03 00:06:00+00:00,2019-05-03 17:06:00+00:00,17.0,1,1,JUNG1,3.7633628461932056,3.7633628461932056,5.4586952045943455,2019-05-03 00:06:00+00:00,2019-05-03 00:06:00+00:00,2019-05-03 17:06:00+00:00,2019-05-03 17:06:00+00:00,3,"AATB,JUNG1,OULU",2,"AATB,OULU",3.4767909161781527,3.7633628461932056,4.665155635813487,core,supported_multi_station_candidate,B,True,2019
28,28,2.4,all,2019.04.09 22:00:00,0.7,0.67,0.69,70,-0.19,9,8.2,-3.8,459.0,-34.0,2019-04-09 22:00:00+00:00,114,2019-04-10 00:24:00+00:00,2019-04-09 13:50:00+00:00,2019-04-09 13:50:00+00:00,2019-04-10 00:24:00+00:00,10.566666666666666,1,1,AATB,2.1274245347908947,2.1274245347908947,6.322727992062908,2019-04-09 13:50:00+00:00,2019-04-09 13:50:00+00:00,2019-04-10 00:24:00+00:00,2019-04-10 00:24:00+00:00,4,"AATB,INVK,JUNG1,LMKS",3,"INVK,JUNG1,LMKS",2.88699430433556,2.7648983910546843,3.8907559004419756,core,supported_multi_station_candidate,A,True,2019
73,56,2.466666666666667,all,2019.08.13 02:00:00,0.5,0.85,0.66,6,-0.18,9,6.8,-2.8,491.0,-18.0,2019-08-13 02:00:00+00:00,142,2019-08-13 04:28:00+00:00,2019-08-12 08:35:00+00:00,2019-08-12 08:02:00+00:00,2019-08-13 07:08:00+00:00,23.1,2,2,"JUNG1,KERG",3.096762686057091,3.304450585005096,7.456503833844957,2019-08-12 08:02:00+00:00,2019-08-12 09:08:00+00:00,2019-08-13 01:48:00+00:00,2019-08-13 07:08:00+00:00,2,"JUNG1,KERG",0,,3.096762686057091,3.096762686057091,3.304450585005096,core,supported_multi_station_candidate,B,False,2019
34,30,-2.6666666666666665,all,2019.04.26 22:00:00,0.4,0.72,0.63,10,-0.27,9,6.0,-2.8,390.0,-14.0,2019-04-26 22:00:00+00:00,116,2019-04-26 19:20:00+00:00,2019-04-25 20:10:00+00:00,2019-04-25 20:10:00+00:00,2019-04-26 19:20:00+00:00,23.166666666666668,1,1,JUNG1,3.92423191186402,3.92423191186402,7.216116532704393,2019-04-25 20:10:00+00:00,2019-04-25 20:10:00+00:00,2019-04-26 19:20:00+00:00,2019-04-26 19:20:00+00:00,2,"JUNG1,KERG",1,KERG,3.780023370342929,3.780023370342929,3.92423191186402,core,supported_multi_station_candidate,B,True,2019
43,38,2.7333333333333334,all,2019.05.23 05:00:00,0.5,0.7,0.51,32,-0.18,9,6.5,-4.0,357.0,-21.0,2019-05-23 05:00:00+00:00,124,2019-05-23 07:44:00+00:00,2019-05-22 17:58:00+00:00,2019-05-22 17:58:00+00:00,2019-05-23 07:44:00+00:00,13.766666666666667,1,1,NEWK,5.246184938788195,5.246184938788195,10.753862139455137,2019-05-22 17:58:00+00:00,2019-05-22 17:58:00+00:00,2019-05-23 07:44:00+00:00,2019-05-23 07:44:00+00:00,4,"AATB,DOMC,LMKS,NEWK",3,"AATB,DOMC,LMKS",5.336987648822216,4.89777789998444,9.088150641972922,core,supported_multi_station_candidate,A,True,2019
121,87,3.6333333333333333,all,2019.12.23 23:00:00,0.4,0.78,0.94,17,-0.12,9,5.4,-2.0,350.0,-14.0,2019-12-23 23:00:00+00:00,173,2019-12-24 02:38:00+00:00,2019-12-23 14:20:00+00:00,2019-12-23 14:20:00+00:00,2019-12-24 02:38:00+00:00,12.3,1,1,LMKS,2.613632399385573,2.613632399385573,4.32887909911621,2019-12-23 14:20:00+00:00,2019-12-23 14:20:00+00:00,2019-12-24 02:38:00+00:00,2019-12-24 02:38:00+00:00,2,"KERG,LMKS",1,KERG,2.825664920280519,2.825664920280519,3.0376974411754656,core,supported_multi_station_candidate,B,True,2019
55,46,3.933333333333333,all,2019.06.27 12:00:00,0.4,0.86,0.79,28,-0.18,9,5.9,-2.8,371.0,-7.0,2019-06-27 12:00:00+00:00,132,2019-06-27 15:56:00+00:00,2019-06-26 08:12:00+00:00,2019-06-26 08:12:00+00:00,2019-06-27 15:56:00+00:00,31.733333333333334,1,1,JUNG1,3.7776590802264534,3.7776590802264534,6.854857611739445,2019-06-26 08:12:00+00:00,2019-06-26 08:12:00+00:00,2019-06-27 15:56:00+00:00,2019-06-27 15:56:00+00:00,2,"JUNG1,LMKS",1,LMKS,3.0984495569205053,3.0984495569205053,3.7776590802264534,core,supported_multi_station_candidate,B,True,2019
61,49,4.0,all,2019.07.12 22:00:00,0.7,0.71,0.4,14,-0.17,9,6.6,-3.6,461.0,-21.0,2019-07-12 22:00:00+00:00,135,2019-07-13 02:00:00+00:00,2019-07-12 06:54:00+00:00,2019-07-12 06:54:00+00:00,2019-07-13 02:00:00+00:00,19.1,1,1,JUNG1,4.525278130797939,4.525278130797939,7.618220595575661,2019-07-12 06:54:00+00:00,2019-07-12 06:54:00+00:00,2019-07-13 02:00:00+00:00,2019-07-13 02:00:00+00:00,1,JUNG1,0,,4.525278130797939,4.525278130797939,4.525278130797939,exploratory,single_station_candidate,C,False,2019
109,78,-4.95,all,2019.11.13 02:00:00,0.5,1.0,0.72,9,-0.25,9,8.3,-2.5,351.0,-8.0,2019-11-13 02:00:00+00:00,164,2019-11-12 21:03:00+00:00,2019-11-12 03:51:00+00:00,2019-11-12 00:10:00+00:00,2019-11-12 22:40:00+00:00,22.5,2,2,"AATB,LMKS",4.047289222933781,4.336931402303852,6.137153093728912,2019-11-12 00:10:00+00:00,2019-11-12 07:32:00+00:00,2019-11-12 19:26:00+00:00,2019-11-12 22:40:00+00:00,4,"AATB,APTY,KERG,LMKS",2,"APTY,KERG",3.762328953115117,3.9235740468192266,4.336931402303852,core,supported_multi_station_candidate,A,False,2019
86,65,5.516666666666667,all,2019.09.17 18:00:00,0.4,0.63,0.74,2,-0.17,9,6.2,-3.4,446.0,-12.0,2019-09-17 18:00:00+00:00,151,2019-09-17 23:31:00+00:00,2019-09-17 12:36:00+00:00,2019-09-17 06:10:00+00:00,2019-09-17 23:32:00+00:00,17.366666666666667,2,2,"AATB,KERG",4.311424455526723,4.962177810552886,7.437546353125294,2019-09-17 06:10:00+00:00,2019-09-17 19:02:00+00:00,2019-09-17 23:30:00+00:00,2019-09-17 23:32:00+00:00,2,"AATB,KERG",0,,4.311424455526723,4.311424455526723,4.962177810552886,core,supported_multi_station_candidate,B,False,2019
95,71,5.9,all,2019.10.09 20:00:00,0.8,0.98,0.79,6,-0.19,9,11.4,-3.2,516.0,-28.0,2019-10-09 20:00:00+00:00,157,2019-10-10 01:54:00+00:00,2019-10-09 12:23:00+00:00,2019-10-09 08:18:00+00:00,2019-10-10 11:06:00+00:00,26.8,2,2,"APTY,JUNG1",3.405052633935482,3.510088334671975,7.209756480506336,2019-10-09 08:18:00+00:00,2019-10-09 16:28:00+00:00,2019-10-09 16:42:00+00:00,2019-10-10 11:06:00+00:00,3,"APTY,JUNG1,KERG",1,KERG,3.4469694349844544,3.510088334671975,3.5308030370823977,core,supported_multi_station_candidate,B,False,2019
119,86,6.15,all,2019.12.14 12:00:00,0.8,0.7,0.33,56,-0.47,9,7.9,-3.3,413.0,-1.0,2019-12-14 12:00:00+00:00,172,2019-12-14 18:09:00+00:00,2019-12-13 10:34:00+00:00,2019-12-13 05:56:00+00:00,2019-12-15 17:58:00+00:00,60.03333333333333,4,4,"AATB,APTY,JUNG1,LMKS",3.526922504404732,5.086586679686548,8.636763724106581,2019-12-13 05:56:00+00:00,2019-12-14 18:22:00+00:00,2019-12-14 00:44:00+00:00,2019-12-15 17:58:00+00:00,4,"AATB,APTY,JUNG1,LMKS",0,,3.526922504404732,3.336124789849421,5.086586679686548,core,supported_multi_station_candidate,A,False,2019
76,59,-6.333333333333333,all,2019.08.20 02:00:00,0.7,1.04,0.63,8,-0.27,9,9.7,-3.2,404.0,-9.0,2019-08-20 02:00:00+00:00,145,2019-08-19 19:40:00+00:00,2019-08-19 18:16:00+00:00,2019-08-19 18:16:00+00:00,2019-08-19 19:40:00+00:00,1.4,1,1,INVK,3.4030384697864555,3.4030384697864555,7.43476414278972,2019-08-19 18:16:00+00:00,2019-08-19 18:16:00+00:00,2019-08-19 19:40:00+00:00,2019-08-19 19:40:00+00:00,4,"INVK,JUNG1,KERG,LMKS",3,"JUNG1,KERG,LMKS",3.37255115489236,3.3129901649866236,4.225821498649095,core,supported_multi_station_candidate,A,True,2019
16,17,6.966666666666667,all,2019.02.27 08:00:00,1.1,0.82,1.1,49,-0.4,9,11.6,-5.1,595.0,,2019-02-27 08:00:00+00:00,103,2019-02-27 14:58:00+00:00,2019-02-26 07:24:00+00:00,2019-02-26 07:24:00+00:00,2019-02-27 14:58:00+00:00,31.566666666666666,1,1,AATB,2.3605593934740976,2.3605593934740976,10.412524158880101,2019-02-26 07:24:00+00:00,2019-02-26 07:24:00+00:00,2019-02-27 14:58:00+00:00,2019-02-27 14:58:00+00:00,3,"AATB,KERG,LMKS",2,"KERG,LMKS",2.9497173844681104,2.5747366324994942,3.9138561274307393,core,supported_multi_station_candidate,B,True,2019
100,76,7.75,all,2019.10.24 08:00:00,1.0,0.8,0.96,68,-0.3,9,11.7,-9.1,650.0,-46.0,2019-10-24 08:00:00+00:00,162,2019-10-24 15:45:00+00:00,2019-10-24 03:51:00+00:00,2019-10-23 20:58:00+00:00,2019-10-24 22:14:00+00:00,25.266666666666666,2,2,"AATB,APTY",5.1844630967017045,6.248986892835262,10.151343328546865,2019-10-23 20:58:00+00:00,2019-10-24 10:44:00+00:00,2019-10-24 09:16:00+00:00,2019-10-24 22:14:00+00:00,4,"AATB,APTY,INVK,KERG",2,"INVK,KERG",4.152478058970038,3.778156798808167,6.248986892835262,core,supported_multi_station_candidate,A,False,2019
58,47,7.8,all,2019.07.04 18:00:00,0.4,0.7,1.05,11,-0.14,9,7.1,-2.2,441.0,-6.0,2019-07-04 18:00:00+00:00,133,2019-07-05 01:48:00+00:00,2019-07-04 15:20:00+00:00,2019-07-04 15:20:00+00:00,2019-07-05 01:48:00+00:00,10.466666666666667,1,1,LMKS,2.8765234829758106,2.8765234829758106,6.449177976439023,2019-07-04 15:20:00+00:00,2019-07-04 15:20:00+00:00,2019-07-05 01:48:00+00:00,2019-07-05 01:48:00+00:00,3,"APTY,KERG,LMKS",2,"APTY,KERG",3.2378196295023596,3.0149762765405597,3.8219591289907076,core,supported_multi_station_candidate,B,True,2019
35,32,7.866666666666666,all,2019.05.01 13:00:00,0.7,1.08,0.81,48,-0.18,9,9.1,-4.0,569.0,,2019-05-01 13:00:00+00:00,118,2019-05-01 20:52:00+00:00,2019-05-01 19:06:00+00:00,2019-05-01 19:06:00+00:00,2019-05-01 20:52:00+00:00,1.7666666666666666,1,1,KERG,3.865673832321704,3.865673832321704,9.992298886770767,2019-05-01 19:06:00+00:00,2019-05-01 19:06:00+00:00,2019-05-01 20:52:00+00:00,2019-05-01 20:52:00+00:00,3,"AATB,JUNG1,KERG",2,"AATB,JUNG1",2.8343341790709125,2.726076944353574,3.865673832321704,core,supported_multi_station_candidate,B,True,2019
11,13,9.016666666666667,all,2019.02.08 08:00:00,0.5,0.89,0.86,47,-0.23,9,7.0,-4.7,477.0,,2019-02-08 08:00:00+00:00,99,2019-02-08 17:01:00+00:00,2019-02-08 02:58:00+00:00,2019-02-07 15:44:00+00:00,2019-02-08 18:26:00+00:00,26.7,2,2,"JUNG1,KERG",3.478714279209453,4.06237733974599,4.2840718503151525,2019-02-07 15:44:00+00:00,2019-02-08 14:12:00+00:00,2019-02-08 15:36:00+00:00,2019-02-08 18:26:00+00:00,4,"INVK,JUNG1,KERG,LMKS",2,"INVK,LMKS",3.2311086241939675,3.087200982357449,4.06237733974599,core,supported_multi_station_candidate,A,False,2019
21,22,-9.133333333333333,all,2019.03.19 04:00:00,0.5,1.07,0.67,12,-0.2,9,7.1,-4.5,410.0,-13.0,2019-03-19 04:00:00+00:00,108,2019-03-18 18:52:00+00:00,2019-03-18 05:46:00+00:00,2019-03-18 05:46:00+00:00,2019-03-18 18:52:00+00:00,13.1,1,1,JUNG1,3.663938834048852,3.663938834048852,2.752339071145286,2019-03-18 05:46:00+00:00,2019-03-18 05:46:00+00:00,2019-03-18 18:52:00+00:00,2019-03-18 18:52:00+00:00,2,"AATB,JUNG1",1,AATB,3.1681447512273855,3.1681447512273855,3.663938834048852,core,supported_multi_station_candidate,B,True,2019
23,24,-9.133333333333333,all,2019.03.26 23:00:00,0.4,0.55,0.59,0,-0.2,9,7.2,-3.4,371.0,-6.0,2019-03-26 23:00:00+00:00,110,2019-03-26 13:52:00+00:00,2019-03-25 12:18:00+00:00,2019-03-25 03:06:00+00:00,2019-03-27 05:26:00+00:00,50.333333333333336,3,3,"AATB,KERG,LMKS",3.4244386344361164,3.7028387803043645,5.934239135853436,2019-03-25 03:06:00+00:00,2019-03-26 18:56:00+00:00,2019-03-26 02:02:00+00:00,2019-03-27 05:26:00+00:00,6,"AATB,INVK,JUNG1,KERG,LMKS,NEWK",3,"INVK,JUNG1,NEWK",3.804599859770183,3.771966135630934,4.611420476823211,core,supported_multi_station_candidate,A,False,2019
1,4,10.033333333333333,all,2019.01.10 14:00:00,0.6,0.82,0.65,14,-0.23,9,7.3,-3.0,509.0,-9.0,2019-01-10 14:00:00+00:00,90,2019-01-11 00:02:00+00:00,2019-01-10 20:28:00+00:00,2019-01-10 20:28:00+00:00,2019-01-11 00:02:00+00:00,3.566666666666667,1,1,KERG,5.0794555676964395,5.0794555676964395,6.0175541051585295,2019-01-10 20:28:00+00:00,2019-01-10 20:28:00+00:00,2019-01-11 00:02:00+00:00,2019-01-11 00:02:00+00:00,5,"DOMC,JUNG1,KERG,LMKS,NEWK",4,"DOMC,JUNG1,LMKS,NEWK",4.991722503583702,4.494472263481301,7.762035053967802,core,supported_multi_station_candidate,A,True,2019
18,20,-10.2,all,2019.03.11 11:00:00,1.1,0.66,0.58,51,-0.24,9,9.2,-6.3,396.0,,2019-03-11 11:00:00+00:00,106,2019-03-11 00:48:00+00:00,2019-03-09 22:48:00+00:00,2019-03-09 22:48:00+00:00,2019-03-11 00:48:00+00:00,26.0,1,1,LMKS,4.1049160234598725,4.1049160234598725,10.275095108241567,2019-03-09 22:48:00+00:00,2019-03-09 22:48:00+00:00,2019-03-11 00:48:00+00:00,2019-03-11 00:48:00+00:00,3,"AATB,KERG,LMKS",2,"AATB,KERG",3.215907320584158,3.263110865537956,4.1049160234598725,core,supported_multi_station_candidate,B,True,2019
6,6,10.283333333333333,all,2019.01.20 19:00:00,0.4,0.89,0.7,4,-0.18,9,5.2,-1.7,374.0,0.0,2019-01-20 19:00:00+00:00,92,2019-01-21 05:17:00+00:00,2019-01-20 02:43:00+00:00,2019-01-19 21:08:00+00:00,2019-01-21 07:28:00+00:00,34.333333333333336,2,2,"DOMC,KERG",5.924153303339993,6.973228781800019,6.206969041597407,2019-01-19 21:08:00+00:00,2019-01-20 08:18:00+00:00,2019-01-21 03:06:00+00:00,2019-01-21 07:28:00+00:00,3,"DOMC,JUNG1,KERG",1,JUNG1,4.7558510686834214,4.875077824879966,6.973228781800019,core,supported_multi_station_candidate,B,False,2019
113,80,10.566666666666666,all,2019.11.21 13:00:00,0.6,1.32,0.63,29,-0.23,9,11.4,-4.1,597.0,-21.0,2019-11-21 13:00:00+00:00,166,2019-11-21 23:34:00+00:00,2019-11-20 13:18:00+00:00,2019-11-20 13:18:00+00:00,2019-11-21 23:34:00+00:00,34.266666666666666,1,1,LMKS,2.496366884081408,2.496366884081408,3.0791040528110614,2019-11-20 13:18:00+00:00,2019-11-20 13:18:00+00:00,2019-11-21 23:34:00+00:00,2019-11-21 23:34:00+00:00,2,"AATB,LMKS",1,AATB,3.574339579721673,3.574339579721673,4.652312275361938,core,supported_multi_station_candidate,B,True,2019
9,10,-11.0,all,2019.02.03 18:00:00,0.4,0.85,0.76,2,-0.17,9,6.1,-4.0,544.0,-28.0,2019-02-03 18:00:00+00:00,96,2019-02-03 07:00:00+00:00,2019-02-02 05:18:00+00:00,2019-02-02 00:40:00+00:00,2019-02-03 15:00:00+00:00,38.333333333333336,2,2,"APTY,JUNG1",3.332601426583394,3.3966492391244705,7.119297244836099,2019-02-02 00:40:00+00:00,2019-02-02 09:56:00+00:00,2019-02-02 23:00:00+00:00,2019-02-03 15:00:00+00:00,3,"APTY,INVK,JUNG1",1,INVK,3.346258026266581,3.3735712256329564,3.3966492391244705,core,supported_multi_station_candidate,B,False,2019
19,21,-11.0,all,2019.03.15 02:00:00,0.5,0.83,0.61,21,-0.25,9,7.5,-3.4,443.0,-24.0,2019-03-15 02:00:00+00:00,107,2019-03-14 15:00:00+00:00,2019-03-13 07:32:00+00:00,2019-03-13 07:32:00+00:00,2019-03-14 15:00:00+00:00,31.466666666666665,1,1,JUNG1,4.234488222385423,4.234488222385423,3.202660544698106,2019-03-13 07:32:00+00:00,2019-03-13 07:32:00+00:00,2019-03-14 15:00:00+00:00,2019-03-14 15:00:00+00:00,3,"AATB,JUNG1,KERG",2,"AATB,KERG",3.5604571188376988,3.47688320007638,4.234488222385423,core,supported_multi_station_candidate,B,True,2019
48,42,-11.166666666666666,all,2019.06.06 09:00:00,0.4,0.68,0.54,5,-0.17,9,6.3,-2.4,321.0,-2.0,2019-06-06 09:00:00+00:00,128,2019-06-05 21:50:00+00:00,2019-06-05 05:34:00+00:00,2019-06-05 05:34:00+00:00,2019-06-05 21:50:00+00:00,16.266666666666666,1,1,KERG,3.4135115238824056,3.4135115238824056,3.658571411161506,2019-06-05 05:34:00+00:00,2019-06-05 05:34:00+00:00,2019-06-05 21:50:00+00:00,2019-06-05 21:50:00+00:00,3,"JUNG1,KERG,LMKS",2,"JUNG1,LMKS",3.304586338597698,3.4135115238824056,3.6869838439046028,core,supported_multi_station_candidate,B,True,2019
107,77,-11.766666666666667,all,2019.11.10 06:00:00,0.4,1.0,0.68,11,-0.3,9,4.5,-2.5,319.0,-23.0,2019-11-10 06:00:00+00:00,163,2019-11-09 18:14:00+00:00,2019-11-08 21:50:00+00:00,2019-11-07 15:02:00+00:00,2019-11-10 07:14:00+00:00,64.2,3,3,"AATB,INVK,KERG",4.487925734889717,5.600673093046234,6.09876976051595,2019-11-07 15:02:00+00:00,2019-11-09 02:10:00+00:00,2019-11-08 13:24:00+00:00,2019-11-10 07:14:00+00:00,4,"AATB,INVK,JUNG1,KERG",1,JUNG1,4.116160590050045,3.9315520558114594,5.600673093046234,core,supported_multi_station_candidate,A,False,2019
51,44,12.066666666666666,all,2019.06.19 12:00:00,0.7,0.82,0.96,22,-0.13,9,7.2,-2.3,358.0,-14.0,2019-06-19 12:00:00+00:00,130,2019-06-20 00:04:00+00:00,2019-06-19 09:04:00+00:00,2019-06-19 09:04:00+00:00,2019-06-20 00:04:00+00:00,15.0,1,1,KERG,3.90409910208104,3.90409910208104,11.150761121092383,2019-06-19 09:04:00+00:00,2019-06-19 09:04:00+00:00,2019-06-20 00:04:00+00:00,2019-06-20 00:04:00+00:00,3,"AATB,APTY,KERG",2,"AATB,APTY",3.479950996563261,3.896845680319049,3.90409910208104,core,supported_multi_station_candidate,B,True,2019
64,50,-13.333333333333334,all,2019.07.21 18:00:00,0.5,0.69,0.78,17,-0.29,9,9.3,-5.6,424.0,-18.0,2019-07-21 18:00:00+00:00,136,2019-07-21 04:40:00+00:00,2019-07-19 22:54:00+00:00,2019-07-19 09:10:00+00:00,2019-07-21 14:28:00+00:00,53.3,2,2,"JUNG1,LMKS",3.4243036728970857,3.764298632524743,4.559138687875331,2019-07-19 09:10:00+00:00,2019-07-20 12:38:00+00:00,2019-07-20 18:52:00+00:00,2019-07-21 14:28:00+00:00,3,"AATB,JUNG1,LMKS",1,AATB,3.136786776156699,3.084308713269428,3.764298632524743,core,supported_multi_station_candidate,B,False,2019
15,16,13.566666666666666,all,2019.02.20 16:00:00,0.7,0.73,0.64,42,-0.21,9,11.2,-5.6,492.0,,2019-02-20 16:00:00+00:00,102,2019-02-21 05:34:00+00:00,2019-02-19 22:28:00+00:00,2019-02-18 16:36:00+00:00,2019-02-21 09:16:00+00:00,64.66666666666667,3,3,"AATB,LMKS,NEWK",3.901871435878259,5.702227619294988,4.013154413819551,2019-02-18 16:36:00+00:00,2019-02-20 09:28:00+00:00,2019-02-19 19:00:00+00:00,2019-02-21 09:16:00+00:00,5,"AATB,APTY,KERG,LMKS,NEWK",2,"APTY,KERG",4.076576745184144,3.9282958488044177,5.702227619294988,core,supported_multi_station_candidate,A,False,2019
99,75,-13.833333333333334,all,2019.10.23 12:00:00,0.4,0.98,1.12,17,-0.29,9,4.0,-1.7,355.0,-46.0,2019-10-23 12:00:00+00:00,161,2019-10-22 22:10:00+00:00,2019-10-22 16:06:00+00:00,2019-10-22 16:06:00+00:00,2019-10-22 22:10:00+00:00,6.066666666666666,1,1,KERG,3.49878069509726,3.49878069509726,5.844968981539562,2019-10-22 16:06:00+00:00,2019-10-22 16:06:00+00:00,2019-10-22 22:10:00+00:00,2019-10-22 22:10:00+00:00,2,"AATB,KERG",1,AATB,3.925364637054595,3.925364637054595,4.35194857901193,core,supported_multi_station_candidate,B,True,2019
111,79,14.016666666666667,all,2019.11.16 13:00:00,0.7,0.75,0.73,19,-0.36,9,9.0,-4.3,457.0,-8.0,2019-11-16 13:00:00+00:00,165,2019-11-17 03:01:00+00:00,2019-11-16 00:44:00+00:00,2019-11-15 21:48:00+00:00,2019-11-17 12:10:00+00:00,38.36666666666667,2,2,"JUNG1,LMKS",2.7243387376155246,2.7647858293667706,7.098954813063043,2019-11-15 21:48:00+00:00,2019-11-16 03:40:00+00:00,2019-11-16 17:52:00+00:00,2019-11-17 12:10:00+00:00,3,"JUNG1,KERG,LMKS",1,KERG,3.0393893690616127,2.7647858293667706,3.669490631953789,core,supported_multi_station_candidate,B,False,2019
84,64,14.1,all,2019.09.13 15:00:00,0.6,1.38,0.92,46,-0.19,9,8.2,-3.4,541.0,-14.0,2019-09-13 15:00:00+00:00,150,2019-09-14 05:06:00+00:00,2019-09-13 12:26:00+00:00,2019-09-13 00:44:00+00:00,2019-09-14 16:38:00+00:00,39.9,2,2,"INVK,OULU",3.817156378543551,4.413407981928652,7.485503920625729,2019-09-13 00:44:00+00:00,2019-09-14 00:08:00+00:00,2019-09-13 17:34:00+00:00,2019-09-14 16:38:00+00:00,4,"AATB,APTY,INVK,OULU",2,"AATB,APTY",4.0055401532187265,4.1939239278939,4.413407981928652,core,supported_multi_station_candidate,A,False,2019
12,14,14.366666666666667,all,2019.02.11 07:00:00,0.3,0.91,0.38,-1,-0.19,9,8.1,-5.2,406.0,,2019-02-11 07:00:00+00:00,100,2019-02-11 21:22:00+00:00,2019-02-11 16:10:00+00:00,2019-02-11 16:10:00+00:00,2019-02-11 21:22:00+00:00,5.2,1,1,KERG,3.6467356027178517,3.6467356027178517,7.032873424935953,2019-02-11 16:10:00+00:00,2019-02-11 16:10:00+00:00,2019-02-11 21:22:00+00:00,2019-02-11 21:22:00+00:00,2,"KERG,LMKS",1,LMKS,3.429046992459657,3.429046992459657,3.6467356027178517,core,supported_multi_station_candidate,B,True,2019
45,39,-14.5,all,2019.05.28 15:00:00,0.5,0.73,0.6,27,-0.23,9,8.2,-4.8,562.0,-28.0,2019-05-28 15:00:00+00:00,125,2019-05-28 00:30:00+00:00,2019-05-27 02:28:00+00:00,2019-05-26 20:22:00+00:00,2019-05-28 08:20:00+00:00,35.96666666666667,3,3,"JUNG1,LMKS,OULU",3.9136715052887503,4.902872528737497,9.780167896370832,2019-05-26 20:22:00+00:00,2019-05-27 04:38:00+00:00,2019-05-27 23:16:00+00:00,2019-05-28 08:20:00+00:00,6,"APTY,DOMC,INVK,JUNG1,LMKS,OULU",3,"APTY,DOMC,INVK",4.885000509953945,4.147118952621918,9.4211702031519,core,supported_multi_station_candidate,A,False,2019
82,63,14.75,all,2019.09.09 04:00:00,0.6,1.3,0.71,18,-0.3,9,6.8,-4.6,519.0,-30.0,2019-09-09 04:00:00+00:00,149,2019-09-09 18:45:00+00:00,2019-09-09 13:00:00+00:00,2019-09-09 02:50:00+00:00,2019-09-10 01:42:00+00:00,22.866666666666667,2,2,"LMKS,OULU",3.801103032945104,4.650133107381426,3.494642954116258,2019-09-09 02:50:00+00:00,2019-09-09 23:10:00+00:00,2019-09-09 11:48:00+00:00,2019-09-10 01:42:00+00:00,3,"KERG,LMKS,OULU",1,KERG,3.5417726553836473,3.023111900260735,4.650133107381426,core,supported_multi_station_candidate,B,False,2019
0,1,-14.9,all,2019.01.04 12:00:00,1.4,1.01,0.8,62,-0.19,9,11.4,-7.1,554.0,-23.0,2019-01-04 12:00:00+00:00,87,2019-01-03 21:06:00+00:00,2019-01-03 15:42:00+00:00,2019-01-03 12:18:00+00:00,2019-01-03 22:18:00+00:00,10.0,2,2,"AATB,LMKS",2.7807703765289595,3.2269388803058687,4.481094202651944,2019-01-03 12:18:00+00:00,2019-01-03 19:06:00+00:00,2019-01-03 19:54:00+00:00,2019-01-03 22:18:00+00:00,2,"AATB,LMKS",0,,2.7807703765289595,2.7807703765289595,3.2269388803058687,core,supported_multi_station_candidate,B,False,2019
59,48,15.233333333333333,all,2019.07.06 11:00:00,0.5,0.51,1.04,13,-0.26,9,5.0,-3.9,360.0,-13.0,2019-07-06 11:00:00+00:00,134,2019-07-07 02:14:00+00:00,2019-07-05 19:12:00+00:00,2019-07-05 19:12:00+00:00,2019-07-07 02:14:00+00:00,31.033333333333335,1,1,JUNG1,3.113110601822671,3.113110601822671,8.292905634934456,2019-07-05 19:12:00+00:00,2019-07-05 19:12:00+00:00,2019-07-07 02:14:00+00:00,2019-07-07 02:14:00+00:00,1,JUNG1,0,,3.113110601822671,3.113110601822671,3.113110601822671,exploratory,single_station_candidate,C,False,2019
17,19,15.566666666666666,all,2019.03.06 06:00:00,0.7,0.83,0.98,12,-0.24,9,9.8,-2.7,493.0,,2019-03-06 06:00:00+00:00,105,2019-03-06 21:34:00+00:00,2019-03-05 14:50:00+00:00,2019-03-05 14:50:00+00:00,2019-03-06 21:34:00+00:00,30.733333333333334,1,1,JUNG1,3.558689428930079,3.558689428930079,6.189339812176702,2019-03-05 14:50:00+00:00,2019-03-05 14:50:00+00:00,2019-03-06 21:34:00+00:00,2019-03-06 21:34:00+00:00,2,"JUNG1,LMKS",1,LMKS,3.215203297846134,3.215203297846134,3.558689428930079,core,supported_multi_station_candidate,B,True,2019
10,11,-15.6,all,2019.02.05 18:00:00,0.6,0.58,0.44,59,-0.23,9,7.9,-5.4,446.0,,2019-02-05 18:00:00+00:00,97,2019-02-05 02:24:00+00:00,2019-02-04 12:08:00+00:00,2019-02-04 12:08:00+00:00,2019-02-05 02:24:00+00:00,14.266666666666667,1,1,KERG,3.4369486714000663,3.4369486714000663,8.355639012995804,2019-02-04 12:08:00+00:00,2019-02-04 12:08:00+00:00,2019-02-05 02:24:00+00:00,2019-02-05 02:24:00+00:00,1,KERG,0,,3.4369486714000663,3.4369486714000663,3.4369486714000663,exploratory,single_station_candidate,C,False,2019
89,67,-16.333333333333332,all,2019.09.26 16:00:00,0.5,0.92,0.47,16,-0.31,9,3.9,-1.7,386.0,-4.0,2019-09-26 16:00:00+00:00,153,2019-09-25 23:40:00+00:00,2019-09-24 18:10:00+00:00,2019-09-24 18:10:00+00:00,2019-09-25 23:40:00+00:00,29.5,1,1,KERG,3.24649074555779,3.24649074555779,10.933826498335186,2019-09-24 18:10:00+00:00,2019-09-24 18:10:00+00:00,2019-09-25 23:40:00+00:00,2019-09-25 23:40:00+00:00,1,KERG,0,,3.24649074555779,3.24649074555779,3.24649074555779,exploratory,single_station_candidate,C,False,2019
25,26,16.433333333333334,all,2019.03.31 03:00:00,0.7,1.2,0.65,19,-0.35,9,7.2,-4.8,421.0,-28.0,2019-03-31 03:00:00+00:00,112,2019-03-31 19:26:00+00:00,2019-03-31 02:26:00+00:00,2019-03-31 02:26:00+00:00,2019-03-31 19:26:00+00:00,17.0,1,1,APTY,3.4743015199349205,3.4743015199349205,3.243163095574415,2019-03-31 02:26:00+00:00,2019-03-31 02:26:00+00:00,2019-03-31 19:26:00+00:00,2019-03-31 19:26:00+00:00,1,APTY,0,,3.4743015199349205,3.4743015199349205,3.4743015199349205,exploratory,single_station_candidate,C,False,2019
