repr_time,n_stations,stations,drop_mean,drop_max,A_complex_mean,A_complex_max
2018-01-01 15:48:00,1,INVK,4.077303086807244,4.077303086807244,5.525708607583369,5.525708607583369
2018-01-02 19:30:00,1,JUNG1,4.764505836597211,4.92580463644382,6.694942198821236,8.011325891761555
2018-01-04 16:48:00,1,JUNG1,3.1671720168494124,3.1671720168494124,6.4179188905478215,6.4179188905478215
2018-01-10 10:09:00,2,"INVK,JUNG1",2.8602416575861764,3.329036052447279,5.558226131118685,6.310480841552357
2018-01-12 12:04:00,1,APTY,3.209376374930128,3.209376374930128,6.366117366890058,6.366117366890058
2018-01-15 07:28:00,1,MXCO,3.0173959186713337,3.0173959186713337,5.828021525234871,5.828021525234871
2018-01-16 15:50:00,1,INVK,2.7049647352946087,2.7049647352946087,5.301008109452187,5.301008109452187
2018-01-19 08:52:00,1,INVK,3.071606553394483,3.0779309254023706,4.788216544839867,5.5904145959144875
2018-01-30 03:04:00,1,MXCO,2.715965546673028,2.715965546673028,5.470556486222275,5.470556486222275
2018-02-04 22:22:00,1,OULU,6.289521124563979,6.348794966241198,6.260179353711833,6.48056306827328
2018-02-05 18:48:00,1,AATB,2.6440268061876564,2.6440268061876564,6.427255926084908,6.427255926084908
2018-02-07 01:20:00,1,LMKS,2.8698972965651497,2.8698972965651497,6.08016571813123,6.08016571813123
2018-02-09 09:28:00,1,INVK,3.229863476005313,3.229863476005313,5.679828934741144,5.679828934741144
2018-02-19 17:28:00,1,OULU,4.427894678394541,4.427894678394541,6.492770904723811,6.492770904723811
2018-02-20 20:08:00,1,APTY,2.53944370613843,2.53944370613843,5.590377925506613,5.590377925506613
2018-02-24 09:08:00,1,APTY,3.80680482517369,3.80680482517369,5.622632658429926,5.622632658429926
2018-02-25 19:48:00,1,INVK,3.6593389034484134,3.6593389034484134,5.138913056024367,5.138913056024367
2018-02-27 23:04:00,2,"APTY,OULU",4.084201133026823,5.120636174794058,5.55110178607705,6.2719757072618405
2018-03-01 02:02:00,1,OULU,4.911680486033902,4.911680486033902,5.589544359944159,5.589544359944159
2018-03-04 01:54:00,1,OULU,4.250708844423182,4.250708844423182,5.297195993275909,5.297195993275909
2018-03-06 00:14:00,1,KERG,3.3431174634406498,3.3431174634406498,4.549727120507788,4.549727120507788
2018-03-13 16:32:00,1,INVK,3.1507446440269433,3.1507446440269433,5.69572469295117,5.69572469295117
2018-03-20 12:09:00,2,"APTY,MXCO",3.8055549441266217,3.957647212614964,4.915076919331846,5.525198872064644
2018-03-23 05:22:00,1,INVK,3.502256850053206,3.502256850053206,5.598666300581133,5.598666300581133
2018-03-25 10:44:00,1,AATB,2.369724223328524,2.369724223328524,4.329584154300287,4.329584154300287
2018-03-27 01:38:00,1,NEWK,6.32896136275209,6.4001790976943145,6.82733381719302,7.643803315564686
2018-03-27 18:12:00,1,NEWK,5.806534108772254,5.91473011713173,6.662209674089277,7.824454032884301
2018-03-30 23:36:00,1,LMKS,2.155981002228135,2.155981002228135,5.564378918468705,5.564378918468705
2018-04-09 05:12:00,1,LMKS,2.6011270187413067,2.6011270187413067,11.685481401359432,11.685481401359432
2018-04-09 23:22:00,1,APTY,3.2156363249814137,3.2156363249814137,5.876979295567743,5.876979295567743
2018-04-12 02:20:00,1,OULU,5.227160794351623,5.227160794351623,4.893587381416589,4.893587381416589
2018-04-15 11:10:00,1,LMKS,2.244182469944275,2.2602598999784798,5.9403008388193586,6.243995015044289
2018-04-16 20:26:00,1,APTY,3.9264611898070747,3.9264611898070747,6.21714317608128,6.21714317608128
2018-04-18 13:30:00,1,MXCO,3.932925860720171,3.932925860720171,4.393013018905123,4.393013018905123
2018-04-21 05:26:00,1,LMKS,2.310192081226981,2.310192081226981,5.731925414847501,5.731925414847501
2018-04-24 01:20:00,1,APTY,3.1085805631925685,3.1085805631925685,6.554951459062987,6.554951459062987
2018-04-25 03:26:00,1,MXCO,3.288606321340595,3.288606321340595,5.082600767485927,5.082600767485927
2018-05-01 20:18:00,1,APTY,3.675435171708427,3.675435171708427,7.597115317610261,7.597115317610261
2018-05-11 09:14:00,1,APTY,3.1324093324332716,3.1324093324332716,6.16350121978646,6.16350121978646
2018-05-13 21:34:00,1,APTY,3.650802566751577,3.650802566751577,7.138566584813193,7.138566584813193
2018-05-17 04:22:00,1,MXCO,8.842508179072736,8.842508179072736,9.307618539064189,9.307618539064189
2018-05-31 23:12:00,1,MXCO,14.827172578774343,14.827172578774343,5.43528425780071,5.43528425780071
2018-06-01 15:22:00,1,MXCO,14.940408626560725,14.940408626560725,24.92432897473264,24.92432897473264
2018-06-11 03:08:00,1,MXCO,8.005531729149181,8.005531729149181,9.385128629841558,9.385128629841558
2018-06-18 13:52:00,1,NEWK,14.68817583442174,15.35111738988039,6.650703786951533,7.812681101146243
2018-06-19 02:00:00,1,KERG,3.0710985840244454,3.0710985840244454,4.498101268441541,4.498101268441541
2018-06-22 04:56:00,1,JUNG1,2.5947891850892484,2.5947891850892484,5.453841410060798,5.453841410060798
2018-06-24 20:30:00,1,APTY,3.251347079662005,3.251347079662005,5.237629980954557,5.237629980954557
2018-07-02 05:42:00,1,MXCO,11.954553642131954,11.954553642131954,10.083280163772404,10.083280163772404
2018-07-10 05:26:00,2,"INVK,JUNG1",3.5332567571912374,3.7631059587854043,5.251635830073737,6.2443345787866935
2018-07-13 01:20:00,1,APTY,3.592480556642389,3.592480556642389,5.687232443454371,5.687232443454371
2018-07-16 02:00:00,1,JUNG1,2.7213664957167447,2.7213664957167447,5.704292783269459,5.704292783269459
2018-07-17 08:30:00,1,MXCO,3.164391650284298,3.164391650284298,5.328952808517035,5.328952808517035
2018-07-22 12:10:00,1,MXCO,3.4248211018866543,3.4248211018866543,4.562055039376768,4.562055039376768
2018-07-24 23:10:00,2,"JUNG1,KERG",3.394495955486372,3.4934579432390613,5.193310231914952,5.663595322849615
2018-07-31 20:38:00,1,JUNG1,3.4081284819686544,3.4081284819686544,5.051854097096549,5.051854097096549
2018-08-04 19:44:00,1,JUNG1,2.6047765377061256,2.6047765377061256,4.592248792104747,4.592248792104747
2018-08-05 21:10:00,2,"KERG,MXCO",2.9596492264172065,3.2058723865591556,6.503047130233005,12.113490345727259
2018-08-08 06:44:00,1,MXCO,3.3484893361073667,3.3484893361073667,5.277486211500697,5.277486211500697
2018-08-09 00:16:00,1,INVK,3.0812750861326896,3.0812750861326896,5.089275993506355,5.089275993506355
2018-08-09 21:02:00,1,NEWK,4.139146474258089,4.139146474258089,5.226888357380309,5.226888357380309
2018-08-11 07:06:00,1,LMKS,3.45353632678251,3.45353632678251,5.549826837538207,5.549826837538207
2018-08-14 16:42:00,1,LMKS,2.207842166119045,2.207842166119045,5.696410697231499,5.696410697231499
2018-08-19 03:38:00,1,LMKS,2.629827241180283,2.629827241180283,5.932990982227033,5.932990982227033
2018-08-22 04:14:00,1,NEWK,4.366005989386095,4.366005989386095,5.0955774113373975,5.0955774113373975
2018-08-23 00:00:00,1,NEWK,5.7161168381364815,5.7161168381364815,5.55526530469981,5.55526530469981
2018-08-31 21:46:00,1,MXCO,3.276402306271422,3.276402306271422,5.766873846794165,5.766873846794165
2018-09-07 07:26:00,1,JUNG1,3.657438157709906,3.657438157709906,5.303064537445301,5.303064537445301
2018-09-21 21:44:00,1,JUNG1,3.2236512040129,3.319260596248527,5.317620511109048,5.783986542735978
2018-10-11 13:46:00,1,JUNG1,2.900825638907497,2.900825638907497,6.009940036625846,6.009940036625846
2018-10-12 13:16:00,1,JUNG1,2.596014639594724,2.596014639594724,5.388451334141823,5.388451334141823
2018-10-14 20:38:00,1,AATB,2.6716580304600774,2.6716580304600774,8.071907387728123,8.071907387728123
2018-10-18 22:51:00,2,"APTY,MXCO",3.276191891196876,3.552648289705092,4.954296097455645,5.207847727594067
2018-10-27 07:32:00,1,INVK,2.8809105109908266,2.8809105109908266,4.778757044784125,4.778757044784125
2018-10-31 01:20:00,2,"APTY,OULU",3.9103652329186183,4.796091767456467,5.929017290635711,5.96851543012437
2018-11-07 07:58:00,1,OULU,4.754980977681264,4.754980977681264,5.539068138426735,5.539068138426735
2018-11-11 13:00:00,1,APTY,3.4135224194472915,3.4135224194472915,4.901889849780083,4.901889849780083
2018-11-18 19:36:00,1,OULU,6.031208181008144,6.03478253450781,5.98219438109881,6.9440963208060635
2018-11-26 02:18:00,1,NEWK,3.5193962179534948,3.5193962179534948,4.313098857005086,4.313098857005086
2018-11-28 22:32:00,1,APTY,3.488852060563164,3.488852060563164,5.758839901716156,5.758839901716156
2018-12-03 07:22:00,1,AATB,2.17974996466808,2.17974996466808,6.360839718311816,6.360839718311816
2018-12-07 15:12:00,1,DOMC,6.409651188741079,6.409651188741079,3.8548063456317303,3.8548063456317303
2018-12-12 19:49:00,2,"APTY,KERG",3.0259119567527644,3.284575150792758,5.373130416519674,5.510224338386013
2018-12-15 03:34:00,1,OULU,4.330964204556912,4.343828084011633,5.205032623544696,5.43274780831542
2018-12-16 23:38:00,1,APTY,3.40347934720377,3.40347934720377,5.941385049049268,5.941385049049268
2018-12-18 00:16:00,2,"INVK,OULU",4.002908678939881,4.495386424978856,5.575512517821423,6.198798878800794
2018-12-19 05:16:00,1,APTY,4.388410381360669,4.388410381360669,5.365042917166727,5.365042917166727
2018-12-19 21:56:00,1,OULU,4.780249847450227,4.780249847450227,5.637318434196089,5.637318434196089
2018-12-22 17:18:00,1,LMKS,2.7239298836486965,2.7239298836486965,6.043221694339973,6.043221694339973
2019-01-01 14:44:00,1,NEWK,3.394791312231467,3.394791312231467,7.1328270532532105,7.1328270532532105
2019-01-03 05:20:00,1,NEWK,4.466739882612568,4.466739882612568,4.563574675947832,4.563574675947832
2019-01-05 22:24:00,1,JUNG1,2.9811242201157184,2.9811242201157184,11.275950708907407,11.275950708907407
2019-01-11 01:54:00,1,DOMC,7.46370606778246,7.46370606778246,4.411526960786449,4.411526960786449
2019-01-22 09:54:00,1,JUNG1,3.9213062084137404,3.9775232768001234,6.711458325388115,8.842402633887895
2019-01-25 04:33:00,2,"KERG,NEWK",3.9925024923640224,4.2341094626868845,5.649067602534743,6.10612824122138
2019-01-26 05:38:00,1,NEWK,3.893156138124373,3.893156138124373,5.104534387188311,5.104534387188311
2019-02-05 22:00:00,1,APTY,3.221542172150477,3.221542172150477,7.6993096495854845,7.6993096495854845
2019-02-10 09:42:00,1,AATB,2.8020001977114837,2.8020001977114837,5.898788877188946,5.898788877188946
2019-02-15 19:56:00,1,MXCO,3.0107604079169326,3.0107604079169326,4.973591832800719,4.973591832800719
2019-02-16 10:54:00,1,INVK,3.5134069916147004,3.5134069916147004,5.0616885324098995,5.0616885324098995
2019-02-17 04:20:00,1,NEWK,3.890330605773269,3.890330605773269,4.695733679151621,4.695733679151621
2019-02-20 19:14:00,1,OULU,3.423208302938131,3.423208302938131,5.106115449765453,5.106115449765453
2019-02-21 12:20:00,1,INVK,3.013882829947078,3.013882829947078,5.398111143914819,5.398111143914819
2019-02-22 09:40:00,1,APTY,3.1603927035939448,3.1603927035939448,5.250802416121132,5.250802416121132
2019-02-25 17:56:00,1,JUNG1,2.451028879164343,2.451028879164343,5.992647946833954,5.992647946833954
2019-03-24 05:54:00,1,DOMC,7.351560240392093,7.351560240392093,4.7980660762505085,4.7980660762505085
2019-03-27 06:12:00,1,MXCO,4.969475371067957,4.969475371067957,9.985168002664171,9.985168002664171
2019-03-28 18:58:00,1,JUNG1,4.263505079216245,4.263505079216245,7.080833716689639,7.080833716689639
2019-03-29 08:48:00,2,"JUNG1,NEWK",7.7881161577304026,9.041940008022257,13.48040268724605,19.13112777951059
2019-03-30 23:10:00,1,JUNG1,4.5844709846463765,4.693021213299542,14.858939137474449,26.779768580060544
2019-04-01 00:40:00,1,KERG,2.435167580353877,2.435167580353877,6.189525991743414,6.189525991743414
2019-04-01 22:02:00,2,"APTY,JUNG1",3.9683835976562296,4.750696043860237,7.746074235217996,10.648590797245157
2019-04-02 23:44:00,2,"KERG,OULU",4.181342035169136,4.7146670706107665,4.845635323649093,5.310615710119795
2019-04-10 22:08:00,1,APTY,3.39089055614033,3.39089055614033,6.62180864362848,6.62180864362848
2019-04-13 22:02:00,1,OULU,4.455275282673599,4.455275282673599,4.872910534086275,4.872910534086275
2019-04-15 01:58:00,1,AATB,2.695837952244089,2.695837952244089,4.366582563282015,4.366582563282015
2019-04-16 12:20:00,1,APTY,3.9156678178658053,3.9156678178658053,4.997241629113495,4.997241629113495
2019-04-19 03:28:00,1,OULU,4.761066786500565,4.761066786500565,6.836362723135103,6.836362723135103
2019-04-19 22:11:00,2,"APTY,KERG",3.2298623408348655,3.4974648392145875,6.725739750877379,8.999523886755465
2019-04-20 14:18:00,1,MXCO,3.084407029846959,3.084407029846959,6.5691504774563265,6.5691504774563265
2019-04-22 22:56:00,2,"APTY,NEWK",3.7420746356928207,4.1203230276325415,6.282984632325914,6.516489074425971
2019-05-09 23:24:00,1,APTY,3.8317669156436267,3.8317669156436267,8.143738070833054,8.143738070833054
2019-05-18 22:56:00,1,MXCO,2.875868553301394,2.875868553301394,4.655370888754909,4.655370888754909
2019-06-03 13:52:00,1,KERG,3.353238891073387,3.353238891073387,5.290021364479356,5.290021364479356
2019-06-05 21:50:00,1,KERG,3.3918385012035372,3.3918385012035372,5.25040891647479,5.25040891647479
2019-06-24 23:10:00,1,LMKS,2.4077153603467973,2.4077153603467973,7.028130002664411,7.028130002664411
2019-07-05 09:14:00,1,JUNG1,2.624111571880633,2.624111571880633,5.5832404593686755,5.5832404593686755
2019-07-11 15:40:00,1,JUNG1,2.507464261087729,2.507464261087729,5.216940451790127,5.216940451790127
2019-08-02 00:35:00,2,"APTY,KERG",2.8848845828631555,2.931523147300521,5.468065390668252,6.072585174592738
2019-08-08 09:12:00,1,DOMC,8.685701823086395,8.685701823086395,5.441938087629773,5.441938087629773
2019-08-09 21:56:00,1,KERG,3.6969119894060594,3.6969119894060594,4.612278405353471,4.612278405353471
2019-08-18 03:34:00,1,KERG,2.457592397071199,2.5358412237721373,4.891613368927549,4.936117820175229
2019-08-23 23:45:00,2,"INVK,LMKS",2.9986801889643777,3.3735003009916618,5.007186681963283,5.506314003763736
2019-08-27 21:12:00,1,JUNG1,3.517888974772357,3.517888974772357,5.333881571645921,5.333881571645921
2019-08-28 17:50:00,2,"LMKS,NEWK",3.1247903844205522,3.9572172421363345,5.689112060046588,6.499116061904011
2019-08-29 18:16:00,1,JUNG1,3.2517825770516526,3.2517825770516526,5.4158524426526995,5.4158524426526995
2019-09-06 01:29:00,2,"AATB,INVK",3.8248247323008684,4.066115635050316,14.774771099284038,25.163332039852857
2019-09-11 05:32:00,1,AATB,3.1581228487074693,3.3396435635026798,16.70285559365597,18.105988757490007
2019-09-17 08:16:00,1,MXCO,2.9298914147259154,2.9298914147259154,4.760168317574796,4.760168317574796
2019-09-18 12:38:00,1,KERG,3.3884820094469865,3.3884820094469865,5.374452158917651,5.374452158917651
2019-09-21 23:10:00,2,"AATB,OULU",4.4499339993119795,5.110884368698726,12.078639686502813,16.192012804566378
2019-09-24 10:22:00,1,AATB,3.8296190852155534,3.8296190852155534,18.039747106656133,18.039747106656133
2019-09-26 18:36:00,1,KERG,3.6167809635453545,3.6167809635453545,5.037134496811873,5.037134496811873
2019-09-27 19:24:00,1,APTY,3.6158810997978126,3.6158810997978126,7.328282183711646,7.328282183711646
2019-09-29 14:14:00,1,AATB,4.397005634264751,4.49071824227242,15.019769827769275,16.60271201668799
2019-10-01 07:22:00,1,AATB,4.144171460959555,4.167467460605491,15.607778484646197,17.870913435037444
2019-10-02 19:14:00,1,AATB,4.130761296888567,4.130761296888567,18.641263109843354,18.641263109843354
2019-10-04 07:58:00,1,AATB,4.676988146400411,4.676988146400411,20.61481155127338,20.61481155127338
2019-10-13 07:30:00,1,AATB,4.176381755200491,4.176381755200491,16.95450614875816,16.95450614875816
2019-10-15 15:10:00,1,AATB,3.826042126970102,3.826042126970102,17.359332944387383,17.359332944387383
2019-10-17 07:00:00,1,APTY,3.5572777241431126,3.5572777241431126,4.50383893054119,4.50383893054119
2019-10-17 23:29:00,2,"AATB,APTY",3.4799238897591627,3.740921105143065,10.979319390213988,14.715201042388715
2019-10-20 05:26:00,1,AATB,3.3256735010922474,3.3256735010922474,15.800096409499039,15.800096409499039
2019-10-20 23:32:00,1,KERG,2.6780366411443475,2.6780366411443475,4.475899162292656,4.475899162292656
2019-10-21 21:32:00,1,OULU,5.2038361759792515,5.2038361759792515,7.046052397881732,7.046052397881732
2019-10-22 11:38:00,1,AATB,3.963874168817925,3.963874168817925,15.698789862366537,15.698789862366537
2019-10-24 09:16:00,1,AATB,4.776648189372731,5.150538153857141,16.679667973192828,18.6238926731649
2019-10-25 16:18:00,1,AATB,4.784692810292563,4.784692810292563,19.33679110682866,19.33679110682866
2019-10-27 17:14:00,1,AATB,4.1047524570711795,4.1047524570711795,25.04734295298814,25.04734295298814
2019-10-31 04:22:00,1,AATB,3.3609250670470403,3.3609250670470403,31.105881596953594,31.105881596953594
2019-10-31 20:36:00,1,AATB,3.9076600265184203,3.9076600265184203,18.389586048571633,18.389586048571633
2019-11-04 22:06:00,1,AATB,4.106930271532286,4.106930271532286,16.930151921861526,16.930151921861526
2019-11-05 13:28:00,1,AATB,2.73182088770551,2.73182088770551,17.827138636928876,17.827138636928876
2019-11-07 14:44:00,1,KERG,3.5032746661686542,3.5032746661686542,7.641731403426115,7.641731403426115
2019-11-08 13:24:00,1,KERG,3.970028660404926,3.970028660404926,9.760240966287574,9.760240966287574
2019-11-12 11:24:00,1,AATB,3.14683045303196,3.2712013210303614,13.60132665897602,16.615382057097285
2019-11-14 18:44:00,1,AATB,4.376610736739203,4.376610736739203,18.048938047782734,18.048938047782734
2019-11-22 02:42:00,1,NEWK,4.967614729730757,4.967614729730757,6.0422254244657925,6.0422254244657925
2019-11-24 12:22:00,2,"AATB,OULU",4.02556679315108,4.212392842899886,11.245234443504337,16.919546417222563
2019-11-25 10:06:00,1,NEWK,4.1079823600435965,4.1079823600435965,4.765081653148028,4.765081653148028
2019-11-27 16:04:00,1,AATB,3.214307591115501,3.214307591115501,21.395388039160093,21.395388039160093
2019-11-29 09:40:00,1,INVK,2.8503135440913008,2.8503135440913008,5.340664803784174,5.340664803784174
2019-11-30 00:32:00,1,KERG,2.6574909347816207,2.6574909347816207,4.544225622203545,4.544225622203545
2019-12-01 12:58:00,1,AATB,6.249052318435878,6.249052318435878,10.88855694573895,10.88855694573895
2019-12-03 07:55:00,2,"AATB,KERG",3.2322269830273296,3.2639759414304583,9.618864774550726,13.860590072118635
2019-12-04 08:26:00,1,AATB,4.217750076188564,4.217750076188564,16.39955717587999,16.39955717587999
2019-12-05 03:52:00,2,"AATB,APTY",3.00466258063888,3.2534834946822824,10.804401403799595,15.687897017023529
2019-12-09 19:20:00,1,MXCO,3.1521860314749492,3.1521860314749492,5.858943140125754,5.858943140125754
2019-12-27 20:06:00,1,OULU,4.4716765026645895,4.4716765026645895,7.079284569071102,7.079284569071102
2020-01-01 00:12:00,1,NEWK,4.493895679204499,4.493895679204499,5.610432522657925,5.610432522657925
2020-01-05 03:28:00,1,APTY,2.4288536842457398,2.4288536842457398,5.528132708787306,5.528132708787306
2020-01-10 06:02:00,1,NEWK,4.517806546190562,4.517806546190562,6.011591007368614,6.011591007368614
2020-01-12 00:30:00,1,NEWK,5.455843350388862,5.455843350388862,5.335393058051391,5.335393058051391
2020-01-15 05:04:00,1,NEWK,5.649436525299843,5.649436525299843,7.456102995704929,7.456102995704929
2020-01-16 06:38:00,1,NEWK,4.745545249605834,4.745545249605834,5.569923043106668,5.569923043106668
2020-01-19 04:02:00,1,NEWK,4.3640244857739425,4.3952307652397495,6.564721625543944,7.4490067241572495
2020-01-27 21:12:00,1,AATB,2.480299068461884,2.480299068461884,6.089118144876383,6.089118144876383
2020-01-29 13:34:00,1,KERG,4.478768337933396,4.478768337933396,5.591309830162866,5.591309830162866
2020-01-30 17:12:00,1,JUNG1,3.231257553820076,3.231257553820076,5.021067095988938,5.021067095988938
2020-02-08 11:06:00,1,NEWK,3.748900677982243,3.748900677982243,4.496758095892426,4.496758095892426
2020-02-11 11:06:00,1,OULU,3.7878382812943214,3.7878382812943214,4.545491976941734,4.545491976941734
2020-02-12 15:52:00,1,APTY,3.036750185628963,3.036750185628963,5.968694628722736,5.968694628722736
2020-02-15 10:00:00,1,DOMC,17.743538160347125,17.743538160347125,14.227223179758152,14.227223179758152
2020-02-16 08:06:00,1,DOMC,15.287082558792594,15.287082558792594,14.451467025505021,14.451467025505021
2020-02-17 11:28:00,1,NEWK,4.5891846151038385,4.5891846151038385,5.742371694832352,5.742371694832352
2020-03-05 17:28:00,1,KERG,3.542721103435174,3.542721103435174,5.323738369110124,5.323738369110124
2020-03-08 00:36:00,1,KERG,2.8641915729567753,2.8641915729567753,4.898305341869754,4.898305341869754
2020-03-17 22:12:00,1,INVK,3.2391135152016095,3.2391135152016095,5.083733264057643,5.083733264057643
2020-03-22 06:06:00,1,KERG,3.173567736874383,3.173567736874383,4.809205976967999,4.809205976967999
2020-03-24 06:50:00,1,LMKS,18.649787100879685,18.649787100879685,77.10586435727804,77.10586435727804
2020-03-27 05:34:00,1,OULU,3.858528397467074,3.858528397467074,4.715185547702741,4.715185547702741
2020-03-30 20:18:00,1,APTY,3.384136260083258,3.384136260083258,5.336215481784258,5.336215481784258
2020-04-03 03:12:00,1,LMKS,2.319241157076557,2.319241157076557,5.0807501266396145,5.0807501266396145
2020-04-09 21:24:00,1,NEWK,4.286962835287059,4.286962835287059,5.878295741380713,5.878295741380713
2020-04-12 04:12:00,1,JUNG1,2.5733985461806723,2.5733985461806723,6.191623205618922,6.191623205618922
2020-04-18 13:12:00,1,MXCO,3.574678754510192,3.574678754510192,5.328959434701831,5.328959434701831
2020-04-20 16:40:00,1,LMKS,18.79783984328924,18.79783984328924,19.41504790713765,19.41504790713765
2020-04-23 01:46:00,1,LMKS,21.057937018117848,21.057937018117848,26.982413788137777,26.982413788137777
2020-04-28 00:26:00,1,KERG,2.9455956200847213,2.9455956200847213,4.99768568111846,4.99768568111846
2020-05-03 19:36:00,1,LMKS,3.484285190762323,3.484285190762323,4.846053022746515,4.846053022746515
2020-05-08 07:22:00,1,NEWK,3.7164001084460097,3.7164001084460097,6.567550381165156,6.567550381165156
2020-05-12 04:40:00,1,KERG,3.492036579117101,3.492036579117101,4.783163583421549,4.783163583421549
2020-05-13 12:28:00,1,LMKS,2.2907958460729554,2.2907958460729554,5.549083403904271,5.549083403904271
2020-05-14 11:48:00,1,INVK,2.9287115717716037,2.9287115717716037,5.3161043773622145,5.3161043773622145
2020-05-19 09:44:00,1,JUNG1,2.4232992106665843,2.4232992106665843,5.483382792979973,5.483382792979973
2020-05-21 06:38:00,1,JUNG1,3.1127000984206328,3.540802122210042,6.930638309041573,7.843958802387841
2020-05-22 02:50:00,1,JUNG1,4.2495250100315305,4.542548192571655,8.204501320273113,11.890165781752955
2020-05-24 04:14:00,1,JUNG1,4.120794286221611,4.734280431295984,6.5169494609228735,7.377540401517783
2020-05-26 12:24:00,1,JUNG1,4.250337103773234,4.505720565792892,6.870204699727391,8.08592405983869
2020-05-27 21:42:00,1,APTY,2.582380523003836,2.582380523003836,7.2802271385855,7.2802271385855
2020-05-29 00:52:00,1,JUNG1,2.839739293249226,2.8521165103459074,5.969980339725771,6.6586719314221
2020-06-01 09:10:00,1,JUNG1,2.686905648014375,2.686905648014375,5.819391671088498,5.819391671088498
2020-06-03 21:48:00,1,APTY,3.4050405195805196,3.4050405195805196,5.22754607011699,5.22754607011699
2020-06-10 13:10:00,1,KERG,2.9155856857961515,2.9155856857961515,7.196673976113863,7.196673976113863
2020-06-11 12:32:00,1,OULU,3.9528817364129747,3.9528817364129747,4.919625896602611,4.919625896602611
2020-06-14 04:00:00,2,"APTY,OULU",4.119913255921208,4.984165309801014,5.920206226937982,6.658670468184911
2020-06-24 01:46:00,1,OULU,4.262782395086993,4.262782395086993,5.790841400041939,5.790841400041939
2020-06-28 23:56:00,1,JUNG1,3.2392825345262235,3.2392825345262235,5.966821796572667,5.966821796572667
2020-06-29 21:00:00,1,JUNG1,3.251715108532828,3.251715108532828,6.061196743091059,6.061196743091059
2020-07-01 00:00:00,1,APTY,3.378195333918497,3.378195333918497,5.082194954132195,5.082194954132195
2020-07-03 01:32:00,1,JUNG1,3.1982199960282824,3.1982199960282824,4.996435356341109,4.996435356341109
2020-07-03 15:30:00,1,AATB,2.2328011788852975,2.2328011788852975,5.859878661007192,5.859878661007192
2020-07-05 15:08:00,1,INVK,3.401235041347304,3.401235041347304,4.839283616690617,4.839283616690617
2020-07-09 19:40:00,1,JUNG1,3.2102338131928465,3.2102338131928465,8.22027310570661,8.22027310570661
2020-07-11 06:46:00,1,JUNG1,3.3868978579617632,3.3868978579617632,6.9207279696703985,6.9207279696703985
2020-08-01 23:34:00,1,JUNG1,2.683924117714522,2.697924802443784,6.276150766098334,6.815770661774905
2020-08-05 20:12:00,1,INVK,2.562319276508281,2.562319276508281,5.01180516131407,5.01180516131407
2020-08-06 16:25:00,2,"APTY,JUNG1",3.7344097244515444,4.00690416944522,7.388677239957177,8.989863380818699
2020-08-07 13:50:00,1,APTY,4.018357781874294,4.018357781874294,6.1786373889417785,6.1786373889417785
2020-08-09 07:56:00,1,JUNG1,2.257853826985394,2.257853826985394,5.572286251134502,5.572286251134502
2020-08-12 07:28:00,1,NEWK,4.3371998097689435,4.3371998097689435,5.694384370776614,5.694384370776614
2020-08-15 18:00:00,1,JUNG1,2.6469081302449737,2.6469081302449737,5.34765484882126,5.34765484882126
2020-08-17 15:24:00,1,JUNG1,3.088561179741656,3.088561179741656,5.875044528120019,5.875044528120019
2020-08-18 23:58:00,1,JUNG1,3.1685549447097734,3.2889257756497887,5.957379607424336,6.498250539562538
2020-08-20 10:04:00,1,JUNG1,2.6678457064546874,2.6678457064546874,6.2667954942390995,6.2667954942390995
2020-08-20 23:02:00,1,JUNG1,2.7883088355243846,2.7883088355243846,6.6960305355355905,6.6960305355355905
2020-08-23 19:26:00,1,JUNG1,2.1493775933609918,2.1493775933609918,6.169387170079464,6.169387170079464
2020-09-02 15:40:00,1,MXCO,4.457855375084063,4.457855375084063,5.0441892157862425,5.0441892157862425
2020-09-06 03:44:00,1,JUNG1,2.1643763207175506,2.1643763207175506,5.321307129702492,5.321307129702492
2020-09-08 22:02:00,1,LMKS,2.358440171752496,2.358440171752496,5.9851753483569645,5.9851753483569645
2020-09-16 01:18:00,1,JUNG1,2.9512500430934265,3.067553555266828,6.562661417840163,7.756886204142366
2020-09-18 11:24:00,1,AATB,2.1390607482887556,2.1390607482887556,6.557668588576217,6.557668588576217
2020-10-15 21:28:00,1,KERG,3.6016759741244875,3.6016759741244875,5.5424295312948715,5.5424295312948715
2020-10-25 04:56:00,1,LMKS,2.509297498290724,2.509297498290724,5.356270629468907,5.356270629468907
2020-11-02 02:52:00,1,NEWK,4.218604254927899,4.218604254927899,5.945388345425584,5.945388345425584
2020-11-12 20:38:00,1,OULU,3.9055217023870066,3.9055217023870066,6.559666350228924,6.559666350228924
2020-11-16 20:58:00,1,AATB,2.402492834674064,2.402492834674064,6.917830298028971,6.917830298028971
2020-12-05 10:56:00,1,INVK,3.4747757932086643,3.4747757932086643,5.949031196344678,5.949031196344678
2020-12-08 22:06:00,1,MXCO,3.106655907732745,3.106655907732745,4.313317929569891,4.313317929569891
2020-12-10 19:45:00,2,"APTY,OULU",4.748810441095887,5.8168179507604,5.742814765227832,6.013825102800253
2020-12-19 00:34:00,1,KERG,4.959015346377752,4.959015346377752,3.979909676771866,3.979909676771866
2020-12-20 00:36:00,1,APTY,4.121789489044,4.121789489044,5.822061637866868,5.822061637866868
2020-12-20 22:34:00,1,LMKS,2.1478354770284107,2.1478354770284107,4.671008062734469,4.671008062734469
2020-12-25 23:54:00,1,NEWK,3.422293011604772,3.422293011604772,5.136352301362729,5.136352301362729
2021-01-05 19:00:00,2,"AATB,APTY",3.79332876199396,4.4691642198959025,5.983938595430892,7.789741381681284
2021-01-06 13:28:00,1,AATB,2.054281797818005,2.054281797818005,6.299692075104362,6.299692075104362
2021-01-10 12:20:00,1,MXCO,3.1395422723532707,3.1395422723532707,6.182338818445439,6.182338818445439
2021-01-11 20:56:00,1,APTY,4.3469330494432965,4.3469330494432965,5.377592983314201,5.377592983314201
2021-01-16 06:06:00,1,KERG,3.0058223762418037,3.0058223762418037,4.323851253423966,4.323851253423966
2021-01-18 21:50:00,1,NEWK,4.285048077886149,4.285048077886149,4.969243717585937,4.969243717585937
2021-01-21 22:00:00,1,APTY,3.7511324492618785,3.7511324492618785,4.804973399421918,4.804973399421918
2021-01-31 02:20:00,1,AATB,3.199231325070218,3.393178778479579,6.581622170123403,7.876765462920982
2021-02-02 03:34:00,1,KERG,4.0640400348757355,4.0640400348757355,5.362689943562489,5.362689943562489
2021-02-09 16:12:00,1,INVK,5.240674182752013,5.240674182752013,4.605838306498708,4.605838306498708
2021-02-17 17:48:00,2,"MXCO,OULU",4.261397400497872,5.232370335376985,5.289100500770751,5.522304854643603
2021-02-23 03:00:00,1,APTY,4.402085366075964,4.434459611233734,5.758637930463433,5.868815959713091
2021-02-24 15:44:00,1,KERG,3.8135566555670586,3.8135566555670586,5.032844682208608,5.032844682208608
2021-02-26 15:56:00,1,JUNG1,2.1624869541316345,2.1624869541316345,5.382774471492075,5.382774471492075
2021-02-28 12:06:00,1,AATB,2.5778650521426294,2.5778650521426294,5.393950991437218,5.393950991437218
2021-03-02 19:52:00,1,AATB,2.3030019014212524,2.3030019014212524,5.810220619193631,5.810220619193631
2021-03-05 23:08:00,1,AATB,2.4979903959525145,2.622132159260938,15.167592882689911,16.805142003244107
2021-03-06 22:40:00,1,AATB,2.456039070721728,2.456039070721728,15.30388198376317,15.30388198376317
2021-03-08 21:06:00,1,AATB,3.1306532962914626,3.249617760299323,13.845069160507764,16.363347131745808
2021-03-10 02:16:00,1,APTY,3.221637443273539,3.221637443273539,6.254877996091458,6.254877996091458
2021-03-10 16:52:00,1,AATB,3.228480029816718,3.294138354264784,14.10368789235341,14.774514336013075
2021-03-11 20:32:00,2,"AATB,MXCO",3.1183305772261254,3.2424518846228754,8.500275751752955,13.232108398433589
2021-03-13 20:08:00,2,"AATB,JUNG1",3.5143668174728426,3.6466139648743208,12.834054319969828,18.165314977193113
2021-03-15 22:02:00,1,AATB,2.5660224784130925,2.758231969278402,15.585276795535853,22.38032162289273
2021-03-18 19:51:00,2,"AATB,APTY",3.364163078660777,4.160745584091607,7.040976843696266,8.141139204598296
2021-03-20 05:10:00,1,AATB,2.598874143630736,2.598874143630736,6.320389384846689,6.320389384846689
2021-03-27 21:10:00,1,LMKS,2.523259187078252,2.523259187078252,5.315518405064438,5.315518405064438
2021-03-28 19:56:00,1,JUNG1,2.495122020922941,2.495122020922941,4.947794661100248,4.947794661100248
2021-04-15 10:04:00,1,AATB,2.4517887432958214,2.4517887432958214,5.978794637159432,5.978794637159432
2021-04-16 07:04:00,1,APTY,3.3241440989530298,3.3241440989530298,5.8922681963776435,5.8922681963776435
2021-04-18 20:26:00,1,OULU,4.863522095492463,4.863522095492463,6.725222610314796,6.725222610314796
2021-04-19 23:00:00,1,APTY,3.9273497428242115,3.9273497428242115,5.225988070200085,5.225988070200085
2021-04-23 19:30:00,1,AATB,2.954978134602028,2.954978134602028,6.593298680384495,6.593298680384495
2021-04-27 18:28:00,1,AATB,2.27972452276611,2.27972452276611,8.215276273454748,8.215276273454748
2021-04-29 20:42:00,1,JUNG1,2.4463220023595325,2.4463220023595325,6.107760228797052,6.107760228797052
2021-05-05 12:12:00,1,MXCO,3.1228707095909365,3.1228707095909365,5.504101402512093,5.504101402512093
2021-05-15 16:44:00,1,AATB,3.445200211629649,3.7798545578365212,11.767632016983306,12.647263685428657
2021-05-17 20:22:00,1,AATB,2.775034156012557,2.897521985731993,11.632126546105376,12.984038813540721
2021-05-18 18:38:00,1,AATB,4.39219868426097,4.4515180940078,13.439501807668973,15.343343756423204
2021-05-19 17:20:00,1,AATB,4.5824479414757215,4.753104421452551,13.757512827667478,16.197762401828136
2021-05-20 18:42:00,1,AATB,3.5325581028838937,3.666988550620606,14.008478821806166,14.86307069133835
2021-05-23 06:44:00,1,AATB,3.011361480369084,3.139789972474496,16.162583063924984,20.798088615624234
2021-05-24 00:46:00,2,"AATB,APTY",3.404487371582206,3.820766837987549,12.874151399225665,19.5558387084854
2021-05-25 01:04:00,1,AATB,3.8159586833783177,3.848359061699472,11.233169774391186,12.389411758401655
2021-05-27 13:40:00,1,AATB,3.51939374197742,3.82342691846436,10.934840395471602,12.63196088392615
2021-05-30 02:36:00,1,AATB,2.9545656639273243,3.196609104430224,10.989887034024358,13.997278366895399
2021-05-30 20:02:00,1,APTY,3.744697735229208,3.744697735229208,4.852609340415263,4.852609340415263
2021-05-31 18:10:00,1,AATB,3.0082591263974607,3.0498536708526447,13.71461333767112,15.39547841221833
2021-06-01 11:54:00,1,APTY,3.192857590017449,3.192857590017449,5.515251854813839,5.515251854813839
2021-06-02 10:54:00,1,AATB,2.6818951010322807,2.6818951010322807,13.4545270072858,13.4545270072858
2021-06-03 01:54:00,2,"AATB,OULU",3.3896653319541397,4.3745850061882185,8.53415358934502,9.72774743225117
2021-06-03 16:42:00,1,AATB,3.723614333749802,3.781802575557241,16.184241185329366,22.129677157854978
2021-06-05 17:58:00,1,AATB,3.327588007294007,3.47613572923345,15.817088431121736,18.82886828506994
2021-06-07 18:00:00,2,"AATB,OULU",3.737505789900222,5.328708679748948,9.884198002450518,15.288793349999798
2021-06-08 10:00:00,2,"AATB,NEWK",3.7279633159970267,4.540260328017425,10.764404622002097,15.898654262705007
2021-06-09 16:24:00,2,"AATB,APTY",3.2968169342125595,3.4510763129045623,12.442541178694333,16.08256939462585
2021-06-10 21:48:00,1,AATB,3.01744338732647,3.0319177738865823,12.67942137554011,13.934039233032344
2021-06-12 02:42:00,1,AATB,2.5740912841765553,2.582931502159447,14.399749346616003,16.564999862339036
2021-06-13 08:16:00,1,AATB,3.228127886855735,3.278522789147061,14.875233213531295,17.78964673935366
2021-06-14 12:02:00,1,AATB,2.873233877826249,2.873233877826249,13.664506200939131,13.664506200939131
2021-06-15 21:54:00,1,AATB,3.3884193092036634,3.465029898522433,11.229154097581226,15.583268686387706
2021-06-17 09:10:00,1,AATB,2.885235284757406,2.8905364266014884,11.96482239030448,13.376428334985041
2021-06-18 11:26:00,1,AATB,3.231995326634909,3.7286920019794585,12.331442049657005,15.643872703873097
2021-06-19 12:02:00,1,AATB,2.9908247483147075,3.131071201051891,10.428961451044358,12.484699692942163
2021-06-20 14:40:00,1,AATB,2.9947285832678006,3.075797320634325,13.384296763781634,18.023724931836636
2021-06-21 21:44:00,1,KERG,3.7987820482038113,3.7987820482038113,5.236845707041173,5.236845707041173
2021-06-22 16:18:00,1,AATB,3.115252871815156,3.1174634357441238,12.555783431710122,13.015740861094711
2021-06-23 14:12:00,1,AATB,3.376765155325899,3.3882064904919935,18.477409205981672,18.51308700711065
2021-06-25 13:32:00,1,AATB,2.5005529908140867,2.5332236400645716,13.470371470881368,19.458376546020137
2021-06-27 18:24:00,1,AATB,3.139857098377474,3.337423345965487,15.472240934324565,17.456408411324997
2021-06-28 20:14:00,1,NEWK,5.512903529301393,5.512903529301393,6.98774244318365,6.98774244318365
2021-06-29 13:12:00,1,AATB,3.7577946853979363,3.776359242132382,10.484057439504943,12.979935760483652
2021-07-01 18:07:00,2,"AATB,NEWK",3.4503202222144957,4.139587221989871,10.633863746234118,14.1536357956341
2021-07-02 16:16:00,2,"AATB,NEWK",3.2520587434898385,5.188410881940219,9.62963385472932,12.167449601330642
2021-07-03 12:40:00,1,AATB,2.336213009281242,2.423753071689241,10.340108583049611,12.497940988276369
2021-07-07 12:24:00,1,NEWK,4.177455618307913,4.177455618307913,5.236141163956505,5.236141163956505
2021-07-10 16:08:00,1,NEWK,10.812355132938176,11.021965302037447,5.2176042915202805,5.234797312417371
2021-07-16 16:52:00,3,"AATB,JUNG1,NEWK",3.993631331116707,5.4250985596965355,8.874019119503332,13.064778447498618
2021-07-18 09:30:00,2,"AATB,NEWK",3.3769235822518366,5.509347601996777,12.11507383884773,14.912451739946786
2021-07-19 15:22:00,1,APTY,2.3526457657354025,2.3526457657354025,4.683288413913624,4.683288413913624
2021-07-20 18:58:00,1,AATB,2.762544454146463,2.814703573964457,11.160685987360862,12.371991927379684
2021-07-21 11:46:00,1,AATB,3.4312990979910882,3.665277546745018,10.08575306403891,13.667424067458068
2021-07-22 16:30:00,1,AATB,2.965033326446157,2.9665539693385914,12.256437411261782,13.443615575208472
2021-07-24 15:46:00,1,AATB,2.477567061505385,2.477567061505385,14.78496707227436,14.78496707227436
2021-07-28 00:08:00,1,LMKS,22.382112629275383,22.382112629275383,112.52359691239535,112.52359691239535
2021-07-31 08:12:00,2,"AATB,LMKS",2.492437665226171,2.990398251778818,8.604719994832132,12.48718887509452
2021-07-31 20:56:00,1,AATB,2.08031222087308,2.08031222087308,10.094525317249067,10.094525317249067
2021-08-12 22:30:00,1,JUNG1,2.9424995092168347,3.012676576143887,5.162309052255511,5.561166052565692
2021-08-14 22:10:00,1,KERG,2.6682791924199862,2.6682791924199862,5.349511523383268,5.349511523383268
2021-08-19 00:02:00,1,AATB,2.1145693236996177,2.1145693236996177,6.552207006449796,6.552207006449796
2021-08-20 01:36:00,1,AATB,2.1415437781629016,2.1415437781629016,5.9791519410097616,5.9791519410097616
2021-08-21 07:42:00,1,JUNG1,2.816561027794691,2.816561027794691,5.374256243130518,5.374256243130518
2021-08-29 05:08:00,3,"APTY,DOMC,OULU",5.005351738524114,7.757488200453665,5.613027546681855,6.1695923743256795
2021-09-05 22:26:00,1,INVK,2.7071764154369053,2.7071764154369053,5.2890494035693445,5.2890494035693445
2021-09-11 05:38:00,1,JUNG1,2.6397289155059025,2.6397289155059025,5.797938737796523,5.797938737796523
2021-09-12 20:42:00,1,JUNG1,3.1158032371060633,3.1158032371060633,4.333179848097222,4.333179848097222
2021-09-18 05:00:00,1,APTY,6.3494366196241785,6.3494366196241785,8.51387934605385,8.51387934605385
2021-09-18 19:16:00,1,AATB,2.7769380954888043,2.7769380954888043,7.1167426756268775,7.1167426756268775
2021-09-20 23:12:00,1,APTY,3.4396714896008564,3.4396714896008564,4.922020546391489,4.922020546391489
2021-09-22 05:04:00,1,AATB,2.5472648716682587,2.5472648716682587,5.572653038480414,5.572653038480414
2021-09-23 04:26:00,1,LMKS,2.1444955359116418,2.1444955359116418,4.5059429834768325,4.5059429834768325
2021-09-25 03:58:00,1,JUNG1,2.9734927602047025,2.9734927602047025,7.41784056071688,7.41784056071688
2021-09-25 23:28:00,1,JUNG1,3.2529842632129395,3.2529842632129395,6.341040444489894,6.341040444489894
2021-09-27 20:48:00,1,OULU,4.920840819853635,4.920840819853635,6.0053115930122,6.0053115930122
2021-09-28 17:32:00,2,"APTY,NEWK",8.667324419568837,11.736739929286031,4.874408998432192,5.200167652219154
2021-09-29 23:28:00,1,JUNG1,3.2481958819760033,3.2481958819760033,5.580620873711861,5.580620873711861
2021-10-01 07:22:00,2,"JUNG1,OULU",3.985046457189934,4.538647631486341,6.047740525495141,6.734301443067074
2021-10-02 01:38:00,1,AATB,3.482692067095156,3.544823094785602,7.500335275285255,7.600737318312854
2021-10-04 00:24:00,1,DOMC,7.323412990770381,7.323412990770381,4.875733139981301,4.875733139981301
2021-10-07 02:04:00,1,AATB,3.316299912877703,3.316299912877703,5.442510269584167,5.442510269584167
2021-10-08 19:10:00,1,AATB,2.518122258079883,2.518122258079883,6.755636203456127,6.755636203456127
2021-10-10 10:44:00,3,"AATB,APTY,OULU",3.2855944986462213,4.017555540164869,5.621550889040425,6.008250413109067
2021-10-14 04:28:00,1,AATB,2.4210917942014776,2.478526568392191,6.853338831197325,7.7379692545674805
2021-10-16 21:24:00,2,"AATB,KERG",3.783982870993724,4.234840825209574,5.136186040451417,5.797831684864921
2021-10-17 12:26:00,2,"APTY,INVK",3.478157242108485,3.586321012059588,5.417092362888347,5.561578508484413
2021-10-21 18:38:00,1,AATB,3.3492493059802375,3.3492493059802375,4.939850679911007,4.939850679911007
2021-10-24 11:02:00,1,INVK,3.1430430808252154,3.1430430808252154,4.626290255363095,4.626290255363095
2021-10-26 05:50:00,1,OULU,4.76651913896621,4.76651913896621,5.561004600224044,5.561004600224044
2021-11-04 02:32:00,1,MXCO,4.2270239744197005,4.2270239744197005,6.242704906759115,6.242704906759115
2021-11-08 19:06:00,1,AATB,2.5146627565982373,2.5146627565982373,6.581476181691949,6.581476181691949
2021-11-10 21:18:00,1,AATB,2.5290670433999356,2.5290670433999356,6.680078796341943,6.680078796341943
2021-11-13 13:26:00,1,AATB,2.516126884696102,2.516126884696102,7.042248151465839,7.042248151465839
2021-11-16 12:34:00,1,AATB,2.70632086992885,2.70632086992885,7.780995899455678,7.780995899455678
2021-11-17 22:50:00,1,AATB,2.4068679591599675,2.4068679591599675,8.943069509339576,8.943069509339576
2021-11-20 05:19:00,1,AATB,2.944860752700417,3.2649137747228694,6.111192523915771,6.176986579220737
2021-11-21 11:26:00,1,AATB,2.723247239689369,2.723247239689369,7.223553589007233,7.223553589007233
2021-11-25 01:02:00,1,AATB,2.7785266735769403,2.8440978336796356,6.995217029922449,7.200896576059125
2021-11-26 04:10:00,1,AATB,2.0051879991137684,2.0051879991137684,5.365629866433909,5.365629866433909
2021-11-29 21:52:00,2,"AATB,NEWK",3.204324603493452,4.329685438357235,6.176360775837111,7.21351491369096
2021-12-02 13:40:00,1,AATB,2.51880445085149,2.644737016823234,7.4280055867744785,8.403796911591394
2021-12-05 07:26:00,1,OULU,4.827726888390683,4.827726888390683,5.448426317746041,5.448426317746041
2021-12-14 20:54:00,1,AATB,2.5347935476103887,2.5347935476103887,6.62361697853917,6.62361697853917
2021-12-17 11:10:00,2,"DOMC,INVK",5.909439747858322,8.448442850269362,5.446903699623586,5.727981869770908
2021-12-18 09:23:00,2,"AATB,MXCO",3.0400898534792873,3.2048586189364903,5.273630036800018,5.4189891428071855
2021-12-19 14:34:00,1,AATB,2.8012702099541062,2.843150632952818,8.060764271630799,8.212197641383236
2021-12-20 23:24:00,1,AATB,3.0646668680682696,3.0646668680682696,6.17645830155017,6.17645830155017
2021-12-23 18:10:00,1,AATB,2.840523168196831,2.90352164597739,5.713631115572732,6.132451174789758
2021-12-30 08:54:00,1,AATB,2.4868182912105707,2.4868182912105707,7.473633941721007,7.473633941721007
2021-12-31 18:40:00,1,JUNG1,2.3671710075152266,2.3671710075152266,4.895342489974106,4.895342489974106
2022-01-01 14:51:00,1,AATB,2.6182203836503097,3.0660558903094737,6.382968999763971,6.938922978157353
2022-01-05 00:28:00,1,AATB,3.0006130306266408,3.0959289605930316,7.198670051104624,7.490532885793839
2022-01-06 01:45:00,2,"AATB,DOMC",7.16771058111105,12.069834233294724,8.061555794432712,8.752043087076364
2022-01-06 16:56:00,1,LMKS,2.541883338539396,2.541883338539396,5.253881770106753,5.253881770106753
2022-01-07 16:12:00,2,"AATB,KERG",2.795483884363799,3.2042847817503013,6.396794663039529,7.269216366622366
2022-01-09 15:54:00,1,AATB,3.0046366455795237,3.0046366455795237,7.128082234625769,7.128082234625769
2022-01-12 16:26:00,1,AATB,2.484463080093428,2.484463080093428,5.343030102584249,5.343030102584249
2022-01-15 17:58:00,1,AATB,2.4890067359945904,2.4890067359945904,6.045518048571715,6.045518048571715
2022-01-17 14:30:00,2,"AATB,APTY",2.6618476781673834,3.179722325087034,6.283846620373603,8.094424259989522
2022-01-19 15:50:00,1,AATB,2.4678685643393545,2.4678685643393545,6.998399719109828,6.998399719109828
2022-01-21 02:46:00,1,AATB,2.795316924500568,2.9032134649785206,7.143691499290436,7.903318468446124
2022-01-22 01:54:00,1,OULU,3.770117308829224,3.770117308829224,5.20881614348954,5.20881614348954
2022-01-23 01:24:00,1,JUNG1,2.7676614258845675,2.7676614258845675,4.993361299688125,4.993361299688125
2022-01-25 20:04:00,1,AATB,2.784565388878834,2.784565388878834,6.744212587452512,6.744212587452512
2022-01-27 23:52:00,1,JUNG1,3.7698743735637357,3.7698743735637357,6.358808379193924,6.358808379193924
2022-02-05 16:52:00,1,AATB,3.38545148855105,3.5256853048099153,7.236042985865458,7.960522877658805
2022-02-19 13:10:00,1,AATB,2.3008444156256744,2.3008444156256744,7.794147512742003,7.794147512742003
2022-02-20 05:16:00,1,INVK,3.2706816758001134,3.2706816758001134,5.406163724517618,5.406163724517618
2022-02-21 16:14:00,1,OULU,5.024769069773003,5.024769069773003,5.261244288687995,5.261244288687995
2022-02-23 17:44:00,1,AATB,3.4404550551323645,3.4404550551323645,8.690132224131904,8.690132224131904
2022-02-24 23:04:00,1,AATB,2.521283674776508,2.521283674776508,6.932578256116727,6.932578256116727
2022-03-04 12:54:00,1,AATB,2.683183221559315,2.683183221559315,6.560983228175339,6.560983228175339
2022-03-06 14:02:00,2,"AATB,NEWK",4.010538135558959,5.314747303488999,4.729139534888283,5.5048427002254305
2022-03-12 00:32:00,2,"AATB,NEWK",3.4626552786788745,3.7867968424422322,6.040863890596062,6.074349124563318
2022-03-15 20:16:00,1,AATB,2.2815563056068733,2.2815563056068733,6.434674959232412,6.434674959232412
2022-03-17 11:18:00,1,AATB,2.381983897887851,2.3947438628618194,6.5716942600958905,7.331673164623845
2022-03-19 01:09:00,2,"JUNG1,OULU",4.358305810736223,5.708312831046325,5.5366654282109895,5.93463768596094
2022-03-19 18:00:00,1,AATB,2.24217528231376,2.24217528231376,8.398982481606172,8.398982481606172
2022-03-21 19:04:00,2,"AATB,OULU",3.861516481038494,4.834841774310631,6.877081454400285,6.929190019520934
2022-03-28 18:40:00,1,AATB,3.6305337109487907,3.6351063349850783,6.179705911369428,6.855220613829484
2022-03-29 15:44:00,1,INVK,3.2559164617654313,3.2559164617654313,4.218228304088161,4.218228304088161
2022-03-31 20:02:00,1,AATB,3.5919171871412234,3.5919171871412234,6.350878182872063,6.350878182872063
2022-04-04 23:47:00,2,"AATB,OULU",4.0416307645308045,5.020741639731718,5.328776048440778,5.810897328572798
2022-04-06 08:20:00,1,MXCO,2.4169552902728224,2.4169552902728224,5.534279145218212,5.534279145218212
2022-04-09 17:00:00,1,AATB,3.6772093403712,3.6772093403712,5.407581107201517,5.407581107201517
2022-04-18 22:27:00,2,"AATB,JUNG1",2.961602004899559,3.092734792058655,5.842977606800196,5.8959760138404835
2022-04-23 18:36:00,1,APTY,3.9757028051794614,3.9757028051794614,6.704980479543537,6.704980479543537
2022-04-24 12:54:00,1,AATB,2.7921205035092433,2.7921205035092433,6.651007433857004,6.651007433857004
2022-05-02 03:45:00,2,"AATB,NEWK",3.4645280240508285,4.569221502102455,5.410714407271634,6.502405066594396
2022-05-02 18:26:00,1,AATB,2.094250693909501,2.094250693909501,6.854199547910173,6.854199547910173
2022-05-06 00:18:00,2,"AATB,MXCO",2.9302603634550217,3.3219760402221565,6.0127781201200365,7.651141185864863
2022-05-18 02:46:00,1,OULU,3.968531579365279,3.968531579365279,5.386631810412261,5.386631810412261
2022-05-20 01:24:00,1,JUNG1,3.426088028972412,3.426088028972412,5.612668346927655,5.612668346927655
2022-05-20 21:38:00,1,AATB,2.8666382788361076,2.8666382788361076,6.220361935283777,6.220361935283777
2022-05-21 11:54:00,1,INVK,2.729203283613314,2.729203283613314,4.036483333898095,4.036483333898095
2022-05-28 02:12:00,1,JUNG1,2.6866859666365697,2.6866859666365697,5.632559334638008,5.632559334638008
2022-05-29 00:00:00,1,MXCO,3.546101291168813,3.546101291168813,6.163529900997324,6.163529900997324
2022-05-31 13:58:00,1,AATB,2.8944058953216043,2.8944058953216043,6.619941908293774,6.619941908293774
2022-06-08 22:58:00,1,AATB,2.0138547068360726,2.0138547068360726,5.208412657492222,5.208412657492222
2022-06-11 01:30:00,1,LMKS,2.8389650055605893,2.8389650055605893,9.100537059304763,9.100537059304763
2022-06-11 19:46:00,1,LMKS,3.7398907338263503,3.7398907338263503,7.601666989014918,7.601666989014918
2022-06-13 04:52:00,1,AATB,5.094874168981431,5.240396210880543,6.427168971553572,6.709694806093691
2022-06-21 18:38:00,1,JUNG1,2.869453173448245,2.869453173448245,5.540917179128426,5.540917179128426
2022-06-24 17:52:00,1,AATB,2.643920547150426,2.643920547150426,7.98100057764181,7.98100057764181
2022-06-26 20:30:00,1,AATB,2.8945452382371144,2.8945452382371144,6.177509598791742,6.177509598791742
2022-07-03 13:00:00,1,AATB,2.9230483415134514,2.9230483415134514,7.353949017597135,7.353949017597135
2022-07-10 22:40:00,1,AATB,2.8182871845896846,3.1164112450434884,6.13587108508281,6.182847063674043
2022-07-19 07:38:00,3,"AATB,JUNG1,LMKS",3.126005749060225,3.417395753748875,5.16941924147421,5.460590147358076
2022-07-22 06:30:00,1,KERG,3.40245897959642,3.40245897959642,4.651948639623634,4.651948639623634
2022-07-27 22:38:00,1,INVK,3.0028157817641805,3.0448534729131826,5.297294245356601,5.410193087360622
2022-08-04 01:14:00,1,JUNG1,2.859881539384971,2.859881539384971,5.202270327729575,5.202270327729575
2022-08-05 22:50:00,1,AATB,2.5497024980851126,2.5497024980851126,6.06314600735963,6.06314600735963
2022-08-07 02:06:00,1,NEWK,4.026864120786239,4.026864120786239,5.721739975166825,5.721739975166825
2022-08-10 10:12:00,1,AATB,2.767451121690887,2.767451121690887,13.738171350636186,13.738171350636186
2022-08-20 04:48:00,1,NEWK,5.666269422368577,5.666269422368577,4.251407955243533,4.251407955243533
2022-08-26 18:58:00,1,INVK,3.1829758979988867,3.1829758979988867,5.145148787510132,5.145148787510132
2022-08-31 23:20:00,1,AATB,2.3652284138281696,2.3652284138281696,6.220397488220874,6.220397488220874
2022-09-11 10:44:00,1,AATB,2.5246810177037116,2.5246810177037116,5.44352391428896,5.44352391428896
2022-09-13 04:20:00,1,OULU,3.8130214897653913,3.8130214897653913,5.369623592977318,5.369623592977318
2022-09-14 08:26:00,1,JUNG1,2.7099980519650604,2.7099980519650604,6.8626506816507495,6.8626506816507495
2022-09-18 10:10:00,1,MXCO,2.7116109065176026,2.7116109065176026,4.658312357341395,4.658312357341395
2022-09-25 07:40:00,1,INVK,2.991002660329469,2.991002660329469,4.9242512425845035,4.9242512425845035
2022-09-27 22:51:00,2,"AATB,INVK",3.255601615160549,3.373441491948202,6.28900767131425,7.7381122524986985
2022-10-04 20:08:00,1,AATB,2.694014987658295,2.694014987658295,6.517279026297621,6.517279026297621
2022-10-09 23:44:00,1,KERG,3.4549559944332495,3.4549559944332495,4.57153527369245,4.57153527369245
2022-10-18 16:54:00,1,AATB,2.3338188068951475,2.3338188068951475,5.272260120250665,5.272260120250665
2022-10-22 01:46:00,1,MXCO,3.6569020755826114,3.6569020755826114,5.122807590096132,5.122807590096132
2022-10-30 06:46:00,2,"AATB,INVK",2.8764377172185176,3.2717254745165576,5.110584869551867,5.836910044618196
2022-11-03 07:43:00,2,"AATB,INVK",3.071126455367298,3.5228780783210007,6.072862325270814,7.398924438711291
2022-11-05 03:52:00,1,APTY,3.783801717200881,3.783801717200881,5.659861342613929,5.659861342613929
2022-11-05 21:36:00,1,AATB,2.7587357539015693,2.7587357539015693,6.686722059596562,6.686722059596562
2022-11-09 15:44:00,1,AATB,2.516368456906252,2.516368456906252,6.3641550224284416,6.3641550224284416
2022-11-12 09:42:00,1,JUNG1,3.1510361348836833,3.1510361348836833,6.570574506440101,6.570574506440101
2022-11-19 05:48:00,2,"AATB,APTY",3.0400741654832153,3.459356590489379,7.41050767737323,8.667065353340139
2022-11-21 05:46:00,1,NEWK,4.283657850409108,4.283657850409108,5.180390491897592,5.180390491897592
2022-11-22 19:48:00,1,AATB,2.4166809043610056,2.4166809043610056,5.825900891218549,5.825900891218549
2022-11-24 13:39:00,2,"AATB,APTY",3.010437517107615,3.6775121551360064,6.066910993120118,6.093266771117001
2022-11-25 19:52:00,1,APTY,3.576166118411793,3.576166118411793,6.286228375765318,6.286228375765318
2022-11-26 20:42:00,1,AATB,2.570800922243363,2.570800922243363,6.7822329875289125,6.7822329875289125
2022-11-27 15:56:00,1,APTY,3.386300021595501,3.386300021595501,6.588951386341272,6.588951386341272
2022-11-28 17:24:00,1,AATB,2.7546376312257275,2.7943998150194957,6.088932337940866,6.559878636434797
2022-11-29 21:10:00,1,OULU,4.110812950365943,4.110812950365943,5.494967785443116,5.494967785443116
2022-12-03 07:58:00,3,"APTY,INVK,OULU",5.190444268507686,6.6293588492662305,5.642686185290317,6.2790353604385984
2022-12-06 21:30:00,1,AATB,3.2132218817638716,3.2132218817638716,6.2818891500431615,6.2818891500431615
2022-12-14 03:08:00,1,KERG,3.7072487261603055,3.7072487261603055,5.026166632151482,5.026166632151482
2022-12-15 01:36:00,1,MXCO,6.171568508251281,6.171568508251281,6.005480616697927,6.005480616697927
2022-12-15 21:36:00,2,"AATB,LMKS",2.672365476931153,3.2642439925630784,5.550992645512534,6.466200201286423
2022-12-17 14:12:00,1,AATB,2.672365858356254,2.672365858356254,6.559111557958551,6.559111557958551
2022-12-18 03:44:00,1,INVK,2.9700870220544737,2.9700870220544737,5.865269557660328,5.865269557660328
2022-12-22 22:48:00,1,AATB,3.141813356607758,3.141813356607758,6.889922855804021,6.889922855804021
2022-12-23 23:04:00,1,AATB,2.85064511899142,2.85064511899142,7.136349776751275,7.136349776751275
2022-12-24 19:26:00,1,AATB,2.5307462029695698,2.5307462029695698,9.562625362612703,9.562625362612703
2022-12-27 22:43:00,2,"AATB,LMKS",2.433004603451086,2.535237652560993,6.41837849574288,7.306783393717154
2022-12-28 13:58:00,1,NEWK,4.856920049447595,4.856920049447595,4.35805186102685,4.35805186102685
2022-12-29 15:50:00,1,AATB,2.434249426109458,2.434249426109458,6.677684936314832,6.677684936314832
2022-12-30 12:36:00,1,MXCO,4.040893461019553,4.040893461019553,5.268005505578993,5.268005505578993
2022-12-31 01:06:00,1,OULU,4.655988680815024,4.655988680815024,4.849563328610878,4.849563328610878
2023-01-02 18:07:00,2,"AATB,INVK",3.0776134647698337,3.2004961893388453,5.815628626297254,6.414005915130572
2023-01-04 20:22:00,2,"AATB,INVK",4.047474821987027,4.640944507453537,5.583634353933587,6.365211654596826
2023-01-14 06:46:00,1,INVK,3.920369825528061,3.920369825528061,5.208452459418565,5.208452459418565
2023-01-14 18:48:00,1,AATB,2.8186118090998864,2.840334384052033,7.296628788704172,7.761564610634169
2023-01-20 06:58:00,1,NEWK,4.664087615449262,4.664087615449262,4.71561907177205,4.71561907177205
2023-01-22 02:16:00,1,MXCO,3.848187386316389,3.848187386316389,4.274562970754732,4.274562970754732
2023-01-24 23:48:00,1,AATB,2.3528519786311124,2.3528519786311124,7.730619824710031,7.730619824710031
2023-01-27 07:20:00,1,AATB,2.7769447166222947,2.7769447166222947,5.8775499076388185,5.8775499076388185
2023-01-29 01:16:00,1,MXCO,2.5047261997312784,2.5047261997312784,5.54124086032266,5.54124086032266
2023-02-02 23:26:00,1,OULU,4.737129909279022,4.737129909279022,4.466205022121014,4.466205022121014
2023-02-04 18:36:00,1,AATB,2.5671610076842994,2.5671610076842994,6.084319042752362,6.084319042752362
2023-02-08 17:58:00,1,AATB,3.0679558390506947,3.0691716193411036,7.093232403816042,8.007584748404925
2023-02-11 03:24:00,1,AATB,3.073460782852158,3.073460782852158,6.527374462697358,6.527374462697358
2023-02-14 21:04:00,1,AATB,3.1751266032968006,3.1751266032968006,6.813384398267451,6.813384398267451
2023-02-15 13:08:00,1,KERG,3.404462690565795,3.404462690565795,6.523090161004571,6.523090161004571
2023-02-20 22:12:00,1,KERG,4.026761201223628,4.026761201223628,5.869981081057666,5.869981081057666
2023-03-02 13:40:00,1,AATB,3.0294500115144927,3.0294500115144927,5.961044632888556,5.961044632888556
2023-03-04 15:48:00,1,AATB,2.8971087781668237,2.8971087781668237,6.007503058934669,6.007503058934669
2023-03-11 06:02:00,1,AATB,2.635039049061111,2.635039049061111,7.447763147066588,7.447763147066588
2023-03-15 05:38:00,1,APTY,4.6324795979033535,4.6324795979033535,4.406769380518953,4.406769380518953
2023-03-23 17:39:00,2,"INVK,MXCO",3.799646102806991,3.8577330834915755,5.093158202813639,5.284388557077649
2023-03-24 17:52:00,1,KERG,3.157516831231126,3.157516831231126,4.106823582967005,4.106823582967005
2023-03-26 09:40:00,1,OULU,4.5496319854980385,4.5496319854980385,5.563942798859704,5.563942798859704
2023-03-29 17:06:00,1,INVK,3.581419110326344,3.581419110326344,5.297786356864097,5.297786356864097
2023-04-03 22:30:00,1,KERG,3.6538781456965457,3.6538781456965457,8.947577407486678,8.947577407486678
2023-04-04 16:50:00,1,AATB,2.9210227632669543,2.9210227632669543,11.835808383290683,11.835808383290683
2023-04-05 12:58:00,1,NEWK,5.225277092263337,5.225277092263337,4.83114849721767,4.83114849721767
2023-04-06 01:56:00,1,AATB,2.173344133863557,2.173344133863557,6.663098790610433,6.663098790610433
2023-04-08 19:30:00,1,AATB,2.1221723534196784,2.1221723534196784,5.775952258736944,5.775952258736944
2023-04-13 20:56:00,1,APTY,4.40094958561099,4.40094958561099,5.221833203475802,5.221833203475802
2023-04-15 14:28:00,1,NEWK,4.662825835678777,4.662825835678777,4.428361497759267,4.428361497759267
2023-04-17 17:54:00,1,AATB,2.248394095214606,2.248394095214606,6.874159584614766,6.874159584614766
2023-04-18 18:42:00,1,KERG,3.9009155654982273,4.659228253684692,5.457577704629703,5.584688487211821
2023-04-19 20:04:00,1,OULU,5.66887428600855,5.66887428600855,5.012280805532424,5.012280805532424
2023-04-21 13:54:00,1,AATB,2.397066681923805,2.397066681923805,6.1186439174256515,6.1186439174256515
2023-04-24 04:08:00,1,AATB,3.6566749257276943,3.9575074333050093,6.090035229272841,6.333918249561891
2023-04-26 19:30:00,1,MXCO,3.2293312623867587,3.3035958729737946,6.087807432317682,6.600241257508341
2023-04-28 07:08:00,1,NEWK,4.320334716055133,4.320334716055133,4.312178473275317,4.312178473275317
2023-04-29 03:12:00,1,KERG,2.9636135920826385,2.9636135920826385,6.130150096981817,6.130150096981817
2023-05-03 12:40:00,1,NEWK,4.367395933194516,4.367395933194516,6.112784989798487,6.112784989798487
2023-05-05 23:26:00,1,AATB,2.671595773477799,2.671595773477799,7.8476107098579435,7.8476107098579435
2023-05-08 10:52:00,1,AATB,3.1117692007158793,3.1117692007158793,6.017495824941599,6.017495824941599
2023-05-13 16:40:00,1,INVK,2.902698374625472,2.902698374625472,4.577562979042224,4.577562979042224
2023-05-17 20:58:00,1,NEWK,4.093527756909336,4.093527756909336,5.271032015730806,5.271032015730806
2023-05-19 02:46:00,1,NEWK,4.071330551092636,4.071330551092636,5.666636619950294,5.666636619950294
2023-05-21 13:50:00,1,AATB,3.3992980543421267,3.3992980543421267,7.168091691257352,7.168091691257352
2023-05-22 20:20:00,1,AATB,3.140865237657556,3.140865237657556,6.72310865133315,6.72310865133315
2023-05-25 16:44:00,1,AATB,2.0414837441946423,2.0414837441946423,6.23821324493624,6.23821324493624
2023-05-30 13:23:00,2,"AATB,MXCO",3.3173440268047116,3.6132365186831352,6.231540445391512,6.950460360216962
2023-05-31 16:18:00,1,AATB,2.208770293504055,2.208770293504055,5.834290773065367,5.834290773065367
2023-06-02 10:32:00,1,INVK,2.82260943067058,2.82260943067058,4.026968219367423,4.026968219367423
2023-06-04 20:56:00,1,NEWK,4.475819938312055,4.475819938312055,4.400096638261925,4.400096638261925
2023-06-06 21:11:00,2,"AATB,NEWK",3.0191669669840593,3.8290965434719397,5.453485459880563,6.932311737457872
2023-06-13 14:56:00,1,AATB,2.2569115912217974,2.2569115912217974,5.837519192886932,5.837519192886932
2023-06-16 00:42:00,1,AATB,2.2536328120109945,2.2536328120109945,6.086257365194691,6.086257365194691
2023-06-17 10:14:00,1,NEWK,4.904572306554955,4.904572306554955,5.880104926288045,5.880104926288045
2023-06-21 11:20:00,1,AATB,2.6453600384285165,2.6453600384285165,5.941809552944302,5.941809552944302
2023-06-24 17:14:00,1,AATB,2.6298188568945022,2.6569674754465673,5.224176069208005,5.325846409180364
2023-06-27 18:16:00,1,AATB,2.995186647513581,2.995186647513581,6.195088083068763,6.195088083068763
2023-06-30 19:18:00,1,KERG,3.700381071380879,3.700381071380879,5.05557246166049,5.05557246166049
2023-07-01 11:35:00,2,"INVK,NEWK",4.809768252125425,5.530109559608452,4.994977716827314,5.7396282149450215
2023-07-01 23:38:00,1,JUNG1,3.830610462469296,3.830610462469296,5.715344017218186,5.715344017218186
2023-07-04 02:06:00,1,OULU,4.69242101134861,4.69242101134861,5.671438391725594,5.671438391725594
2023-07-12 00:56:00,2,"AATB,NEWK",4.071686867480373,5.508161339925143,5.932232342913851,7.058899405718365
2023-07-26 00:02:00,1,AATB,2.351895244492531,2.6190958330582395,5.74489797291276,6.001298811758336
2023-08-03 18:00:00,1,KERG,2.3112724787332275,2.3112724787332275,5.048458916623066,5.048458916623066
2023-08-05 03:12:00,1,INVK,3.459784908975626,3.459784908975626,4.885942964942356,4.885942964942356
2023-08-05 16:54:00,1,KERG,3.5950365534023314,3.5950365534023314,4.681350862660679,4.681350862660679
2023-08-06 09:00:00,1,DOMC,7.032360092944033,7.032360092944033,4.7032223448406665,4.7032223448406665
2023-08-07 14:22:00,1,NEWK,4.849717227999296,4.849717227999296,4.463874944959776,4.463874944959776
2023-08-09 15:08:00,1,INVK,2.9660558515309474,2.9660558515309474,4.982965362007791,4.982965362007791
2023-08-15 20:02:00,1,KERG,2.7002488114657255,2.7002488114657255,5.158626952777912,5.158626952777912
2023-08-16 18:58:00,1,KERG,2.399543684345426,2.399543684345426,4.396177618430966,4.396177618430966
2023-08-20 15:02:00,1,INVK,3.454645551478084,3.454645551478084,5.026721095812202,5.026721095812202
2023-08-23 09:30:00,1,INVK,3.9791147575844277,3.9791147575844277,5.698730665056198,5.698730665056198
2023-08-28 15:42:00,1,INVK,2.8160764832771354,2.8160764832771354,5.109979633042923,5.109979633042923
2023-09-02 05:58:00,1,INVK,3.89684937268119,3.9756006680301184,4.609389324518933,5.172303934704102
2023-09-03 08:48:00,1,INVK,4.078673165188521,4.222079275536326,4.647984850958689,4.926666463213498
2023-09-07 16:04:00,1,DOMC,7.968060899341398,7.968060899341398,3.932132273229491,3.932132273229491
2023-09-10 22:08:00,2,"AATB,KERG",3.4273583310401885,4.031680969825367,5.3869708821619655,6.284596733646913
2023-09-12 21:37:00,2,"INVK,KERG",4.4211589209054445,4.513573749326628,5.117599167689363,5.489536616421257
2023-09-15 08:42:00,1,INVK,2.4803671890543812,2.4803671890543812,5.464210473816919,5.464210473816919
2023-09-16 05:08:00,1,JUNG1,3.8754594881367646,3.8754594881367646,6.04324860298394,6.04324860298394
2023-09-17 09:08:00,1,INVK,2.871186577977676,2.871186577977676,4.896349287839533,4.896349287839533
2023-09-18 15:58:00,1,INVK,4.803029035303843,4.886244315223399,4.912689030235807,5.306210862130745
2023-09-22 17:28:00,1,KERG,3.39224671601091,3.39224671601091,4.413638364347847,4.413638364347847
2023-09-25 08:46:00,2,"INVK,KERG",4.705386563637335,5.368370374508555,5.015360667469709,5.443998586809358
2023-09-28 20:32:00,1,KERG,3.8462175656640762,3.8462175656640762,4.744432952224781,4.744432952224781
2023-10-01 19:14:00,2,"AATB,INVK",3.677308646236072,4.012489283126076,6.359198753829508,7.256041586644468
2023-10-05 03:00:00,1,DOMC,7.669175568008254,7.669175568008254,3.8949319122137918,3.8949319122137918
2023-10-09 23:32:00,3,"INVK,KERG,NEWK",3.728185479123471,5.1131002738850135,5.05085049346772,5.2742812055305315
2023-10-11 11:10:00,1,KERG,2.9280181601491098,2.9280181601491098,4.173805027865013,4.173805027865013
2023-10-12 01:06:00,1,JUNG1,2.925822458907811,2.925822458907811,6.290422677166509,6.290422677166509
2023-10-13 22:46:00,3,"APTY,INVK,NEWK",3.8680012154090364,4.852930006797561,5.080461966836006,5.644053266329248
2023-10-16 21:22:00,1,APTY,3.2987874276447413,3.3085896674565416,5.729306189103001,6.063586152626749
2023-10-21 18:46:00,1,NEWK,4.624124993998197,4.624124993998197,4.8757418621227435,4.8757418621227435
2023-10-25 02:09:00,2,"AATB,KERG",3.248439931231805,3.5728843395123473,5.7643922874999145,5.841144463285086
2023-10-29 20:02:00,1,AATB,2.8796979291552285,2.8796979291552285,6.318585957600853,6.318585957600853
2023-10-30 17:14:00,1,NEWK,4.095006159664474,4.095006159664474,5.008679788287006,5.008679788287006
2023-10-31 18:34:00,1,AATB,3.170447198060506,3.170447198060506,5.673963307137613,5.673963307137613
2023-11-01 21:32:00,1,AATB,2.9612098947107204,2.9612098947107204,6.444175277792643,6.444175277792643
2023-11-04 13:54:00,1,AATB,2.913572811391027,2.979579637494036,6.796392101095907,8.088796519650018
2023-11-07 01:30:00,1,INVK,3.2784994004647405,3.2784994004647405,5.236573854500434,5.236573854500434
2023-11-08 03:44:00,1,NEWK,3.62010552379563,3.62010552379563,5.871344889854503,5.871344889854503
2023-11-09 14:52:00,1,INVK,3.8528696014707005,3.8528696014707005,7.531229158924536,7.531229158924536
2023-11-12 19:16:00,1,AATB,2.7231947917907156,2.7231947917907156,5.501580738631566,5.501580738631566
2023-11-15 17:04:00,1,AATB,2.5000658085354845,2.5840008564617785,6.434928773269796,7.857983943871186
2023-11-17 16:54:00,1,AATB,3.1550598511022394,3.1550598511022394,6.835549237804705,6.835549237804705
2023-11-18 17:00:00,1,INVK,3.283031086495952,3.283031086495952,4.790961648836574,4.790961648836574
2023-11-21 14:16:00,1,APTY,3.8103515537046824,3.8103515537046824,6.958473086141334,6.958473086141334
2023-11-24 03:26:00,2,"NEWK,OULU",3.7930205953512885,3.855064021292591,5.086326530865782,5.528831337702855
2023-11-25 17:38:00,2,"AATB,INVK",3.3018237752606607,3.5994022158248073,5.9808001324935915,7.47772859451734
2023-11-26 05:56:00,1,KERG,4.326488562143484,4.326488562143484,4.138535816116169,4.138535816116169
2023-11-26 19:40:00,1,AATB,2.234397647183267,2.234397647183267,7.447016784905895,7.447016784905895
2023-11-28 05:32:00,1,INVK,3.524865423713514,3.524865423713514,4.474528254946882,4.474528254946882
2023-11-28 20:26:00,1,KERG,3.851849391351734,3.851849391351734,4.835903078979262,4.835903078979262
2023-12-02 10:30:00,3,"LMKS,MXCO,NEWK",4.326221373125055,4.755027736149003,5.08458794697108,5.7333688554683055
2023-12-04 11:00:00,1,APTY,2.7446619539849846,2.7446619539849846,4.82614673627767,4.82614673627767
2023-12-06 14:50:00,1,INVK,2.8857346193108486,2.9585167006608506,4.752999631816451,4.900756430812186
2023-12-08 18:56:00,1,AATB,2.91391134691139,2.91391134691139,6.172193744742283,6.172193744742283
2023-12-10 11:06:00,1,INVK,2.902030884186168,2.902030884186168,4.941140439856721,4.941140439856721
2023-12-11 10:58:00,2,"AATB,LMKS",2.3903402484870044,2.6771909007828656,5.77888138106248,6.311721883939365
2023-12-13 03:00:00,1,AATB,4.007581775509497,4.322760747843272,6.831997041115394,7.697608405263715
2023-12-14 06:00:00,1,INVK,2.983581097522394,2.983581097522394,4.913525174976138,4.913525174976138
2023-12-14 18:18:00,1,AATB,3.267738946026228,3.267738946026228,7.163351877758407,7.163351877758407
2023-12-15 18:22:00,1,AATB,3.000678577554324,3.000678577554324,6.321039665908123,6.321039665908123
2023-12-18 01:46:00,1,APTY,5.56200936444838,5.56200936444838,4.602600656702335,4.602600656702335
2023-12-18 22:42:00,2,"APTY,NEWK",3.3001942713140644,4.199040195618478,5.179020097917463,5.909115221185644
2023-12-22 22:40:00,3,"AATB,MXCO,OULU",3.889367969374835,4.91751684274756,5.583050493342846,6.16054240494703
2023-12-24 16:52:00,1,AATB,2.488982850167257,2.488982850167257,6.209198875961421,6.209198875961421
2023-12-26 01:00:00,3,"AATB,INVK,OULU",3.6231505035025857,4.148466584884725,5.558129724420099,5.88701520836565
2023-12-27 21:36:00,1,AATB,3.623137444108551,3.623137444108551,5.407171264154635,5.407171264154635
2023-12-28 13:12:00,1,INVK,4.36127763677244,4.36127763677244,5.032552946674404,5.032552946674404
2023-12-30 07:30:00,2,"KERG,NEWK",3.912267521261285,4.25940029900425,4.779221810183769,5.130423172154106
2023-12-31 04:56:00,1,KERG,2.621775787808921,2.621775787808921,6.059364873087842,6.059364873087842
2024-01-02 05:54:00,1,KERG,2.721627520505314,2.7619222472908698,5.00164534697876,5.878041818796118
2024-01-02 20:18:00,1,AATB,2.1003979516087194,2.1003979516087194,6.124320309502308,6.124320309502308
2024-01-04 01:24:00,1,KERG,3.846918567504383,3.846918567504383,6.0064928854170025,6.0064928854170025
2024-01-04 21:43:00,2,"AATB,LMKS",3.0650651160016635,3.0927446221233454,5.401533255733859,6.032311786271922
2024-01-06 02:18:00,1,KERG,3.623169989985451,3.623169989985451,4.2489280020588485,4.2489280020588485
2024-01-07 01:55:00,2,"AATB,MXCO",2.526648409189135,2.8150848574191665,6.108236476817982,6.653556081923613
2024-01-09 16:36:00,1,AATB,2.670658252480732,2.670658252480732,6.840774945543192,6.840774945543192
2024-01-10 20:20:00,1,AATB,3.6194531314996787,3.6194531314996787,7.192523087016984,7.192523087016984
2024-01-11 17:33:00,2,"NEWK,OULU",4.914717772185921,5.446475614877204,5.404433628720488,5.621999639838912
2024-01-14 14:29:00,2,"AATB,NEWK",3.2073364610859683,3.594562045519546,5.306837732485332,5.353061459690683
2024-01-20 03:20:00,2,"AATB,OULU",3.900855825268252,4.925528821696145,4.757108377434361,5.301965596014722
2024-01-22 21:16:00,1,AATB,2.936270196396048,2.936270196396048,5.732405993566904,5.732405993566904
2024-01-23 22:04:00,2,"AATB,INVK",3.0908949560873755,3.4147459156928543,5.655954200286547,6.514419364263064
2024-01-25 20:06:00,1,AATB,2.0782537876622755,2.0782537876622755,7.134526365140041,7.134526365140041
2024-01-30 03:08:00,1,JUNG1,3.159437264315374,3.159437264315374,5.496583458939508,5.496583458939508
2024-01-31 22:27:00,2,"AATB,OULU",3.674650141047841,4.031833285580639,7.153773080076043,9.603080188992251
2024-02-06 01:06:00,3,"AATB,DOMC,OULU",4.212362059822074,8.24365552809446,6.189278191075317,8.603713506755424
2024-02-09 21:38:00,2,"AATB,KERG",3.160291815513812,3.586304853552382,7.00095988474807,7.574342634498503
2024-02-11 07:42:00,1,INVK,4.1749660079037145,4.1749660079037145,4.579978728299161,4.579978728299161
2024-02-13 08:14:00,2,"INVK,MXCO",4.0459698266451785,4.249839229996598,4.653062941200721,4.72406629405712
2024-02-15 01:31:00,2,"LMKS,MXCO",3.444227641436535,4.236596132385688,4.999381419859288,5.2026685932702685
2024-02-17 18:06:00,1,LMKS,2.1530254776948192,2.1530254776948192,4.813117543947094,4.813117543947094
2024-02-22 07:44:00,1,INVK,3.4463638493490016,3.4463638493490016,6.325646439322614,6.325646439322614
2024-02-24 19:20:00,1,AATB,2.8771704467770873,2.8771704467770873,5.232479247288701,5.232479247288701
2024-02-25 21:36:00,1,AATB,3.617235191863422,3.617235191863422,6.926029914067292,6.926029914067292
2024-03-05 11:16:00,1,AATB,3.21032036726168,3.21032036726168,7.112197760248575,7.112197760248575
2024-03-06 02:44:00,1,NEWK,4.219911051664769,4.219911051664769,4.953069036642914,4.953069036642914
2024-03-07 13:32:00,1,NEWK,4.427927069886455,4.427927069886455,4.5425912624617615,4.5425912624617615
2024-03-11 02:56:00,1,NEWK,3.944386943362919,3.944386943362919,4.593072788689225,4.593072788689225
2024-03-13 11:52:00,1,NEWK,5.198553260684408,5.198553260684408,5.198176016416443,5.198176016416443
2024-03-15 18:30:00,1,AATB,2.243385214310704,2.243385214310704,5.862472545915236,5.862472545915236
2024-03-20 06:14:00,2,"AATB,NEWK",3.252332371324271,4.322173606593721,5.280651087021333,6.19789362160093
2024-03-25 00:40:00,3,"AATB,APTY,NEWK",11.023245519144709,12.75039905513108,5.410188949216849,5.874066278961344
2024-03-28 14:02:00,1,INVK,3.737122891344711,3.737122891344711,4.886647904850239,4.886647904850239
2024-03-31 08:55:00,2,"INVK,NEWK",4.022111668695001,4.652729943988638,4.503262227744559,4.856079393075375
2024-04-01 05:36:00,1,INVK,3.1230004917697998,3.1230004917697998,5.500814255804879,5.500814255804879
2024-04-02 21:32:00,1,DOMC,8.96955871860173,8.96955871860173,4.331709387214348,4.331709387214348
2024-04-03 17:40:00,1,AATB,2.941452625683168,2.941452625683168,7.058616547236694,7.058616547236694
2024-04-04 12:24:00,1,DOMC,7.858027413917514,7.858027413917514,4.662976589577657,4.662976589577657
2024-04-07 01:20:00,1,NEWK,5.6950490806070215,5.6950490806070215,5.125671318339304,5.125671318339304
2024-04-08 18:02:00,1,INVK,3.7586540283177223,3.7586540283177223,4.454314608534207,4.454314608534207
2024-04-10 01:20:00,1,KERG,2.2746977863563163,2.2746977863563163,4.624870744422781,4.624870744422781
2024-04-11 01:00:00,1,OULU,4.017329780397484,4.017329780397484,5.1371085246860035,5.1371085246860035
2024-04-12 17:14:00,3,"AATB,APTY,INVK",3.452206001028744,4.58824975620193,5.206265874097125,6.009562216260117
2024-04-14 10:04:00,2,"KERG,MXCO",2.972949129738173,3.1380416937093063,5.703911406224304,6.887878573608792
2024-04-17 07:20:00,1,AATB,2.9534724378192734,2.9534724378192734,6.719892310572579,6.719892310572579
2024-04-21 23:30:00,1,AATB,3.6628243210327454,3.6628243210327454,5.913830578507695,5.913830578507695
2024-04-22 21:24:00,1,MXCO,3.3885768990456886,3.3885768990456886,5.8374700702936835,5.8374700702936835
2024-04-26 03:20:00,1,LMKS,4.349083807488506,4.349083807488506,6.268031201855339,6.268031201855339
2024-04-27 14:28:00,2,"AATB,INVK",3.302614680775891,3.640449268260937,5.479596418077056,6.396782437282572
2024-05-01 11:38:00,2,"AATB,KERG",3.2358934570761253,3.6093558478230325,7.345460861115602,8.266171734812303
2024-05-05 12:28:00,3,"AATB,APTY,DOMC",4.861296066995098,8.682807808721872,5.317689313753049,6.459539377208162
2024-05-09 01:56:00,1,KERG,3.787457484975383,3.926081931630707,5.567961067715372,5.995877981526419
2024-05-10 22:57:00,2,"KERG,MXCO",7.85963627823287,8.374017437778734,5.792536782211016,5.917089360506938
2024-05-13 06:52:00,1,INVK,2.2757278563529395,2.2757278563529395,4.798556136927075,4.798556136927075
2024-05-14 01:18:00,3,"AATB,JUNG1,KERG",2.9126233507961627,3.894888687964329,5.815759259895147,6.030296102367901
2024-05-16 00:52:00,1,AATB,2.27039566905317,2.27039566905317,5.643284133349346,5.643284133349346
2024-05-18 05:44:00,1,APTY,4.033829614323825,4.033829614323825,5.435675040639597,5.435675040639597
2024-05-19 23:16:00,2,"DOMC,JUNG1",6.088822230914093,8.168413834308026,4.532039059009463,5.1135815435117555
2024-05-21 21:06:00,1,APTY,4.467791720478228,4.467791720478228,4.430612816164682,4.430612816164682
2024-05-24 14:36:00,1,KERG,3.667834790254067,3.667834790254067,4.8698334334316336,4.8698334334316336
2024-05-29 11:19:00,2,"AATB,INVK",3.155810224909417,3.652883298021684,5.9486254387951005,7.171278917780464
2024-05-30 13:43:00,2,"AATB,KERG",2.345549793520591,2.646819588634818,6.480490512324356,7.857279998236534
2024-05-31 17:52:00,1,JUNG1,2.951387472291641,2.951387472291641,5.109689119502373,5.109689119502373
2024-06-01 08:52:00,1,KERG,3.997884813343756,3.997884813343756,5.490236197960804,5.490236197960804
2024-06-02 18:32:00,1,AATB,2.6020104692781247,2.6020104692781247,7.271666133354092,7.271666133354092
2024-06-06 04:18:00,1,NEWK,5.094010290894025,5.094010290894025,6.041501711951555,6.041501711951555
2024-06-06 16:38:00,1,INVK,3.372564466767675,3.372564466767675,5.3892640609950515,5.3892640609950515
2024-06-07 10:30:00,2,"AATB,NEWK",3.361102242830134,4.43113283668235,8.883849699682365,13.133816331030575
2024-06-08 10:24:00,1,NEWK,4.015200699600666,4.015200699600666,5.225849377345447,5.225849377345447
2024-06-11 18:00:00,1,KERG,3.995947372873861,4.09276744026398,4.318386988681143,4.338132010350845
2024-06-16 03:38:00,1,AATB,2.901264282192804,2.901264282192804,5.88935927790963,5.88935927790963
2024-06-17 00:23:00,2,"KERG,NEWK",5.115131144575898,6.158008431720787,4.423424219309437,4.556394192882939
2024-06-22 04:52:00,1,MXCO,3.3687350116800783,3.3687350116800783,5.429049883423685,5.429049883423685
2024-06-25 18:48:00,1,DOMC,7.6653270579107025,7.6653270579107025,4.113391546845906,4.113391546845906
2024-06-29 12:12:00,1,INVK,3.270150098008007,3.270150098008007,4.372139531258246,4.372139531258246
2024-07-07 02:46:00,1,JUNG1,3.611479420926348,3.611479420926348,5.812737281755993,5.812737281755993
2024-07-11 20:50:00,1,NEWK,5.296140637908145,5.296140637908145,6.558599409764868,6.558599409764868
2024-07-16 20:40:00,1,AATB,2.9979676748982027,2.9979676748982027,9.32165715664682,9.32165715664682
2024-07-18 03:36:00,1,AATB,2.284168525734816,2.284168525734816,6.392002057320751,6.392002057320751
2024-07-19 04:36:00,1,APTY,3.2860899660383716,3.2860899660383716,5.1403866286168425,5.1403866286168425
2024-07-24 05:12:00,1,JUNG1,3.690941323286832,3.690941323286832,5.1714504725198855,5.1714504725198855
2024-07-25 23:54:00,1,JUNG1,4.258633338171662,4.258633338171662,6.025315198237239,6.025315198237239
2024-07-30 16:49:00,2,"INVK,KERG",4.042910342067299,4.415867126077849,4.9433063766409955,4.966519732381525
2024-08-02 16:06:00,1,INVK,3.215824575058315,3.215824575058315,4.575915177036622,4.575915177036622
2024-08-04 03:11:00,2,"NEWK,OULU",4.681485369032398,5.091656247581324,4.829817749630328,5.25693980259902
2024-08-07 01:14:00,1,AATB,2.9972902446968592,2.9972902446968592,6.52279387222743,6.52279387222743
2024-08-08 04:24:00,1,KERG,3.282802589256355,3.282802589256355,4.910321317860809,4.910321317860809
2024-08-08 19:26:00,1,AATB,3.5455372683929762,3.5455372683929762,5.913088633430637,5.913088633430637
2024-08-11 07:04:00,1,INVK,4.396321679315448,4.396321679315448,4.902366467756542,4.902366467756542
2024-08-14 05:52:00,1,NEWK,4.63354421026159,4.63354421026159,5.151108784434579,5.151108784434579
2024-08-18 10:12:00,1,JUNG1,3.812647038369648,3.812647038369648,4.3131077437613055,4.3131077437613055
2024-08-23 12:08:00,1,INVK,3.7978557049981965,3.7978557049981965,5.270519318860709,5.270519318860709
2024-09-04 19:24:00,2,"AATB,APTY",3.0970361972722866,3.6923182847172082,5.621926510607591,5.820704727012252
2024-09-05 14:12:00,1,INVK,4.325407411707223,4.325407411707223,4.863597953303923,4.863597953303923
2024-09-10 09:03:00,2,"INVK,NEWK",4.144060415002353,5.273150737901534,4.696788579705155,4.75815474157889
2024-09-12 17:06:00,1,DOMC,8.790976668404932,8.790976668404932,4.019060526828856,4.019060526828856
2024-09-13 05:28:00,1,INVK,4.16825198038509,4.16825198038509,5.337270168102623,5.337270168102623
2024-09-14 17:10:00,1,INVK,2.68432601185663,2.68432601185663,5.121861487589295,5.121861487589295
2024-09-17 08:50:00,1,INVK,3.0847564047592484,3.2436437833086282,5.301484028552891,5.9824807322882805
2024-09-19 15:51:00,2,"INVK,KERG",2.5047365672203297,2.7413219081866966,5.680132041840462,6.487481567968952
2024-09-21 21:48:00,1,KERG,4.153057915288193,4.153057915288193,4.617332124056603,4.617332124056603
2024-09-26 07:38:00,1,INVK,3.760720060035596,3.8375640609965322,5.702900439828576,5.7270999557530695
2024-09-27 02:50:00,1,OULU,3.5012305156127543,3.5012305156127543,4.097733739360397,4.097733739360397
2024-09-29 13:06:00,3,"AATB,INVK,NEWK",3.657667131985549,4.810579319949391,5.960458348953591,6.7141385313064
2024-10-04 01:34:00,2,"AATB,DOMC",6.618848881693122,10.194861458215875,4.584842680982361,5.195922766754312
2024-10-05 11:44:00,1,INVK,3.3769918014114855,3.3769918014114855,5.700804767958955,5.700804767958955
2024-10-06 14:10:00,2,"DOMC,INVK",6.694406859803096,11.060216853010363,5.2434426310365145,5.856888168417651
2024-10-07 04:02:00,1,INVK,2.1465631472664057,2.1465631472664057,6.381592966187847,6.381592966187847
2024-10-11 05:52:00,1,JUNG1,4.338049170568324,4.338049170568324,6.594187796140797,6.594187796140797
2024-10-11 19:16:00,1,DOMC,11.368248692222108,11.368248692222108,4.356656408299602,4.356656408299602
2024-10-13 07:18:00,1,NEWK,2.9703324489630596,3.8481382432181506,7.0212367317834605,7.205878483106936
2024-10-14 04:48:00,1,OULU,2.4753192447573737,2.4753192447573737,5.213319128055874,5.213319128055874
2024-10-15 08:37:00,2,"APTY,NEWK",4.219190196172818,4.974800863047314,5.404679228245034,5.930724438671173
2024-10-16 08:12:00,1,KERG,2.6616693843425,3.03431505049387,5.357666115907897,5.544110411966051
2024-10-17 07:22:00,2,"INVK,KERG",3.2194081702630477,3.4619966771945947,5.354035972215217,6.007338929334596
2024-10-22 13:32:00,1,INVK,3.7504743714570994,3.7504743714570994,5.2388574766297005,5.2388574766297005
2024-10-23 11:54:00,1,INVK,3.307256476298201,3.307256476298201,4.827163204523466,4.827163204523466
2024-10-25 13:38:00,1,INVK,3.3365951670040315,3.3365951670040315,5.4694715206210684,5.4694715206210684
2024-10-28 14:14:00,3,"INVK,KERG,NEWK",3.427806764538184,4.71542519473956,5.9486250176026445,7.926782210395753
2024-10-29 05:06:00,1,LMKS,2.9965123855540368,2.9965123855540368,4.2532493348689675,4.2532493348689675
2024-10-30 22:37:00,2,"APTY,OULU",3.2641990607027456,3.3582913991266214,5.230451532481731,5.389740332856893
2024-11-02 19:38:00,2,"NEWK,OULU",3.0050377004316573,3.372550241341899,5.355187592235474,6.106517293183304
2024-11-03 12:26:00,2,"JUNG1,NEWK",3.6015188948813908,4.731292940918634,4.762080163558277,4.802341045970761
2024-11-04 07:36:00,1,MXCO,2.651453891104213,2.659809617322195,5.430655670931591,5.777283988294483
2024-11-04 21:02:00,1,LMKS,3.081601680007691,3.081601680007691,4.3333746257818335,4.3333746257818335
2024-11-05 20:54:00,1,KERG,2.793005054821091,3.032849860549143,5.816336484697373,6.286486819851791
2024-11-12 20:56:00,1,NEWK,4.743816134352121,4.743816134352121,4.941496800487621,4.941496800487621
2024-11-15 01:56:00,1,APTY,3.20524875032931,3.20524875032931,4.709146213882091,4.709146213882091
2024-11-16 05:28:00,2,"DOMC,OULU",6.579388137158238,9.111397745011311,4.64573701066627,4.827609224597036
2024-11-20 21:30:00,1,DOMC,8.393333786701572,8.393333786701572,4.080259015498359,4.080259015498359
2024-11-22 03:46:00,2,"KERG,LMKS",3.507288094815062,3.7878689254138025,4.991038250804057,5.334977005965679
2024-11-24 02:57:00,2,"NEWK,OULU",3.6454649800027528,3.6499034797900287,4.17997354057953,4.276272136906404
2024-11-25 10:10:00,3,"APTY,KERG,MXCO",3.669698367459782,3.698912423015822,4.8057066888057385,5.042367857187741
2024-11-26 07:08:00,1,OULU,4.133316562339332,4.133316562339332,4.397869595833304,4.397869595833304
2024-12-01 01:54:00,1,NEWK,4.677805769391594,4.677805769391594,4.827428781849236,4.827428781849236
2024-12-01 23:52:00,1,KERG,2.0621736573390184,2.0621736573390184,6.656825257596311,6.656825257596311
2024-12-02 22:20:00,1,KERG,2.032163610635975,2.032163610635975,6.921917190939953,6.921917190939953
2024-12-05 19:54:00,1,KERG,3.025073495995918,3.025073495995918,5.791720949021112,5.791720949021112
2024-12-07 10:30:00,1,NEWK,3.8083025788183815,3.8083025788183815,5.080867331015675,5.080867331015675
2024-12-08 17:06:00,2,"AATB,INVK",2.9870050766248357,3.0571065455075335,6.158564437734298,7.651203043657806
2024-12-09 05:58:00,1,JUNG1,2.964319590985024,2.964319590985024,4.715911327234834,4.715911327234834
2024-12-10 18:28:00,1,AATB,2.8095931540651775,2.8095931540651775,6.825430365473121,6.825430365473121
2024-12-11 20:44:00,2,"AATB,KERG",2.9696330733533904,3.1014084303974445,5.4468366439234455,5.716732713234026
2024-12-15 14:18:00,2,"INVK,MXCO",3.7151233672450554,4.226233448481107,8.176590248377153,11.017746782599398
2024-12-17 15:44:00,1,LMKS,5.688767379830853,5.688767379830853,4.705657985832511,4.705657985832511
2024-12-19 23:12:00,1,OULU,3.8555815409360896,3.8555815409360896,5.119549904912206,5.119549904912206
2024-12-21 21:04:00,1,KERG,3.5018037664029977,3.5018037664029977,5.216143686145307,5.216143686145307
2024-12-22 21:52:00,1,KERG,3.583924423978993,3.583924423978993,4.663060715975152,4.663060715975152
2024-12-24 01:12:00,1,MXCO,3.2071804678584,3.2071804678584,4.334843212845872,4.334843212845872
2024-12-25 09:49:00,2,"APTY,INVK",3.28594330332957,3.7048126586790198,5.454489492117146,5.680964529121549
2024-12-26 16:23:00,2,"MXCO,NEWK",4.756610387718045,5.2291073124406475,5.351139073632737,5.359046793639948
2024-12-27 06:52:00,1,KERG,3.2237672085802016,3.2237672085802016,5.282801669664201,5.282801669664201
2024-12-28 11:50:00,1,MXCO,3.0727556034999366,3.0727556034999366,5.4257163946980524,5.4257163946980524
2024-12-29 03:54:00,1,INVK,3.2165799595757387,3.2165799595757387,6.47333137325698,6.47333137325698
2024-12-30 06:29:00,2,"AATB,APTY",3.389085829164612,3.829467271339282,5.315110499919346,5.730238293726794
2025-01-01 22:42:00,3,"AATB,APTY,NEWK",5.012848019919512,6.237199775650791,5.693696619392621,6.140522886320305
2025-01-06 08:24:00,1,NEWK,4.580443238360939,4.580443238360939,4.9327558998731,4.9327558998731
2025-01-07 10:58:00,1,KERG,3.1793919181490624,3.198710321892668,5.2348817367662965,6.198273459132475
2025-01-09 23:38:00,1,KERG,3.450452748019323,3.450452748019323,3.9649432393271677,3.9649432393271677
2025-01-11 09:04:00,1,INVK,3.823153863704346,3.823153863704346,5.24691501091799,5.24691501091799
2025-01-13 12:28:00,1,INVK,3.318114746042521,3.318114746042521,4.590582930940796,4.590582930940796
2025-01-15 15:02:00,1,KERG,3.183646471743968,3.2361754796317768,4.946372972905975,5.374392529653313
2025-01-16 15:24:00,1,INVK,4.0907344109788495,4.0907344109788495,5.425938971576425,5.425938971576425
2025-01-19 04:10:00,1,APTY,2.8789780834164422,2.8789780834164422,4.608514536799009,4.608514536799009
2025-01-23 07:36:00,1,INVK,3.2001563140678444,3.2001563140678444,5.101283769501419,5.101283769501419
2025-01-26 13:04:00,1,APTY,4.187135203082821,4.187135203082821,4.71690825068476,4.71690825068476
2025-01-29 04:40:00,2,"KERG,NEWK",4.123041142434007,5.056357680786357,4.901057837784116,5.333062538714916
2025-02-12 17:54:00,1,AATB,2.8181599218245252,2.8181599218245252,7.001392052012517,7.001392052012517
2025-02-13 18:18:00,1,DOMC,7.805869744382106,7.805869744382106,3.7969513821054357,3.7969513821054357
2025-02-19 13:26:00,1,AATB,3.130667308120465,3.2773834237490496,6.29320945716695,6.911816860824451
2025-02-23 21:52:00,1,AATB,2.58545008682961,2.58545008682961,6.662214794269748,6.662214794269748
2025-02-26 01:50:00,1,AATB,2.3846790963314164,2.3846790963314164,6.135110032353697,6.135110032353697
2025-02-26 16:46:00,1,AATB,2.7132790504609483,2.7132790504609483,5.78761963194068,5.78761963194068
2025-03-01 17:20:00,1,KERG,3.434107086913906,3.434107086913906,5.0266892761294955,5.0266892761294955
2025-03-02 16:43:00,2,"MXCO,NEWK",5.585875213635554,7.816689118066152,6.503438372508038,6.78024853221134
2025-03-05 03:40:00,1,MXCO,2.954224480137279,2.954224480137279,4.650432888334852,4.650432888334852
2025-03-06 13:02:00,2,"NEWK,OULU",5.879973900080704,6.886439109725459,5.099894331941161,5.735783382805637
2025-03-07 18:16:00,1,OULU,4.8483682663112075,4.8483682663112075,4.788479220547781,4.788479220547781
2025-03-10 22:50:00,1,NEWK,5.3231789325421275,5.3231789325421275,5.150962912480868,5.150962912480868
2025-03-12 10:48:00,1,MXCO,3.99644855920962,3.99644855920962,5.439442810009366,5.439442810009366
2025-03-13 12:20:00,1,NEWK,4.31600138778927,4.31600138778927,4.714069672006167,4.714069672006167
2025-03-20 00:02:00,1,OULU,4.234034843983519,4.234034843983519,5.200760908235431,5.200760908235431
2025-03-25 06:18:00,1,KERG,4.024403323121623,4.024403323121623,4.546610632467963,4.546610632467963
2025-03-26 09:58:00,1,APTY,3.523170527343424,3.523170527343424,4.909101390734699,4.909101390734699
2025-03-28 09:24:00,1,NEWK,4.652943786940796,4.652943786940796,4.566265214987402,4.566265214987402
2025-04-01 05:26:00,1,NEWK,5.672942097193959,5.672942097193959,6.230100080583066,6.230100080583066
2025-04-02 10:02:00,1,INVK,3.333432708861152,3.333432708861152,5.863228527941864,5.863228527941864
2025-04-05 01:26:00,1,AATB,3.1715983924918865,3.1715983924918865,7.1786078894803795,7.1786078894803795
2025-04-06 04:18:00,1,LMKS,6.667365838852446,10.85389327162578,9.165502094572055,13.531267984112999
2025-04-07 03:36:00,1,DOMC,7.915404567111639,7.915404567111639,3.9818527467056186,3.9818527467056186
2025-04-09 09:02:00,1,DOMC,9.093802514915613,9.093802514915613,3.7600933750267815,3.7600933750267815
2025-04-10 07:50:00,2,"LMKS,MXCO",3.070414005585686,3.197949449350302,4.946962078205754,5.297446972274678
2025-04-16 05:06:00,3,"DOMC,INVK,NEWK",7.5365076537942075,11.251862943329861,7.054416054773088,12.584810990227409
2025-04-18 07:34:00,3,"DOMC,INVK,NEWK",5.511642053557645,8.782187025136214,4.499844439286722,4.724275710990548
2025-04-23 09:02:00,1,KERG,3.072260769520418,3.072260769520418,4.965058783616828,4.965058783616828
2025-05-05 22:18:00,1,KERG,3.8665043742803467,3.8665043742803467,5.384647858696766,5.384647858696766
2025-05-09 18:42:00,3,"APTY,KERG,MXCO",3.4666642109111603,4.042745022654643,4.7574642272938945,5.121490899903333
2025-05-12 04:54:00,1,KERG,4.409076469382258,4.451089933561348,4.57513720355806,4.728251792909869
2025-05-15 06:40:00,2,"DOMC,OULU",5.909737389367534,7.313863802490317,4.412310574794095,4.739974630435085
2025-05-18 13:52:00,1,NEWK,4.230150947345275,4.277903721461817,5.115215678125571,5.513400140884086
2025-05-19 06:28:00,1,MXCO,2.533690860890977,2.533690860890977,4.995667552580241,4.995667552580241
2025-05-20 02:38:00,2,"KERG,NEWK",3.836488171065805,4.24742390433388,5.313683159964972,5.480824723072485
2025-05-20 22:08:00,1,DOMC,8.630750010441634,8.630750010441634,3.883055479512595,3.883055479512595
2025-05-23 10:10:00,1,NEWK,4.944434229629249,4.944434229629249,4.391122662983702,4.391122662983702
2025-05-27 10:27:00,2,"INVK,LMKS",2.6764338449004907,2.6861922042228925,4.6820969758168065,4.761545766250645
2025-05-30 05:36:00,1,INVK,3.236316199152316,3.236316199152316,4.818617708254526,4.818617708254526
2025-06-01 09:53:00,3,"INVK,MXCO,NEWK",6.271986704875743,9.345393933168232,5.670215378661783,6.745005822247923
2025-06-04 01:50:00,2,"DOMC,LMKS",4.149992739897734,5.507192985991908,4.559229270708857,5.352615581999017
2025-06-05 08:12:00,1,NEWK,2.2606484145873535,2.2606484145873535,6.941513924597088,6.941513924597088
2025-06-06 04:00:00,2,"NEWK,OULU",3.5431765177100205,4.129704368607629,5.815298547899466,6.304818095503254
2025-06-08 10:44:00,3,"DOMC,INVK,NEWK",5.918053256908384,8.690145521260565,5.650754867605298,7.86616127550617
2025-06-09 05:56:00,3,"INVK,KERG,NEWK",3.640006415178656,4.632438107567371,5.371073804567857,6.379217062799647
2025-06-10 12:50:00,1,INVK,3.6893767890299247,3.6893767890299247,6.197860501114241,6.197860501114241
2025-06-13 15:58:00,1,KERG,4.3425727073244245,4.3425727073244245,4.815153294242896,4.815153294242896
2025-06-17 00:43:00,3,"KERG,LMKS,NEWK",5.563557124276693,9.961316178578144,9.036886303442154,21.94151697639137
2025-06-20 02:08:00,1,OULU,5.351114035012681,5.351114035012681,4.1250811072117255,4.1250811072117255
2025-06-21 00:16:00,1,NEWK,4.809591175222163,4.809591175222163,5.507537845322856,5.507537845322856
2025-06-22 21:42:00,1,KERG,2.901341124886735,2.901341124886735,5.1295438955751695,5.1295438955751695
2025-06-24 00:06:00,2,"AATB,JUNG1",2.446538095886176,2.567738805150128,8.78096525855399,12.722214509694002
2025-06-25 22:14:00,1,OULU,4.9629109522410095,4.9629109522410095,5.188241368004871,5.188241368004871
2025-06-27 01:46:00,2,"LMKS,OULU",3.7275012719619576,5.067342648045857,4.093165165369962,4.119639511272768
2025-06-29 08:34:00,1,INVK,3.0461193334509704,3.0461193334509704,4.364078791217613,4.364078791217613
2025-07-04 09:38:00,2,"DOMC,INVK",6.032898784206063,7.98283665942954,4.058617748227001,4.1721331299916
2025-07-09 10:42:00,1,INVK,3.4319700903681896,3.4319700903681896,5.327342512423775,5.327342512423775
2025-07-10 13:22:00,2,"LMKS,NEWK",5.843689747880533,10.591903329012053,6.770163606299165,8.314047105883947
2025-07-11 09:06:00,2,"INVK,LMKS",3.2050761919443254,3.5733851671223786,6.604258665858457,7.847116110457941
2025-07-15 23:46:00,1,MXCO,3.769955215455252,3.769955215455252,5.0060265675966935,5.0060265675966935
2025-07-18 02:52:00,1,NEWK,4.603086230903527,4.603086230903527,5.576108211726222,5.576108211726222
2025-07-19 08:26:00,1,NEWK,4.182264025182387,4.182264025182387,4.6842028129125355,4.6842028129125355
2025-07-22 00:16:00,1,NEWK,4.851555734199627,4.851555734199627,5.041594906348765,5.041594906348765
2025-07-26 19:26:00,1,DOMC,10.409835199070754,10.409835199070754,4.726546754327468,4.726546754327468
2025-07-27 17:14:00,2,"KERG,NEWK",6.83796648605482,8.717887099454483,9.410971370315009,12.649413989685142
2025-08-05 21:40:00,1,DOMC,9.90678146816491,9.90678146816491,4.288868459454466,4.288868459454466
2025-08-12 07:44:00,1,JUNG1,3.1936015780923777,3.1936015780923777,5.783558448520636,5.783558448520636
2025-08-13 15:16:00,1,INVK,3.3954606533647382,3.4084185379086778,5.065672116011887,5.398945920286505
2025-08-19 15:46:00,1,DOMC,7.862297514448704,7.862297514448704,4.019826854980892,4.019826854980892
2025-08-25 16:44:00,1,OULU,4.613868493778069,4.613868493778069,5.317592756908538,5.317592756908538
2025-08-27 19:50:00,1,KERG,3.655797014188357,3.674309753870674,5.279708965195839,5.7074314223700915
2025-08-28 17:28:00,1,AATB,3.3374200096972197,3.3374200096972197,5.317913276452099,5.317913276452099
2025-08-29 10:52:00,1,INVK,3.964465907710059,4.126361325150002,5.029557031877673,6.320009838207716
2025-08-31 05:14:00,1,KERG,3.4189257482709645,3.4189257482709645,4.44346993416424,4.44346993416424
2025-09-02 09:24:00,1,JUNG1,4.09872313802663,4.09872313802663,5.316314949074482,5.316314949074482
2025-09-03 00:28:00,1,OULU,5.111149260133786,5.111149260133786,5.113243084068772,5.113243084068772
2025-09-04 02:36:00,1,MXCO,3.5027556224036243,3.5027556224036243,4.986955591548282,4.986955591548282
2025-09-05 01:38:00,2,"INVK,KERG",2.5421248475319915,2.804677057596731,6.335746448089734,8.701661470346862
2025-09-07 17:04:00,2,"DOMC,JUNG1",9.508248284091863,16.712410795037915,5.856942201148579,6.2370534803866535
2025-09-08 19:50:00,1,INVK,3.0273892644869287,3.0273892644869287,4.480147003236433,4.480147003236433
2025-09-18 17:42:00,3,"AATB,INVK,KERG",3.7036208317869534,4.722942762712621,5.635037724246395,6.207008322353552
2025-09-21 09:38:00,1,INVK,3.776566735551178,3.776566735551178,5.4633237511854515,5.4633237511854515
2025-09-21 22:18:00,1,JUNG1,3.054930619109774,3.054930619109774,5.620859536969959,5.620859536969959
2025-09-23 17:00:00,1,AATB,2.57252966936713,2.57252966936713,5.27980580595815,5.27980580595815
2025-09-24 22:52:00,1,AATB,2.922388052172244,2.922388052172244,7.651762009695157,7.651762009695157
2025-09-26 20:06:00,1,KERG,3.700884741377566,3.700884741377566,5.591892778307274,5.591892778307274
2025-09-29 03:18:00,1,KERG,3.3947241344526766,3.5425307934965975,5.299845637775857,5.4096443395056415
2025-10-04 21:16:00,1,AATB,2.899808905572381,2.899808905572381,6.586248708207921,6.586248708207921
2025-10-06 19:58:00,1,AATB,2.7952044673214145,2.7952044673214145,8.21666087811556,8.21666087811556
2025-10-08 00:22:00,1,AATB,3.047257351594955,3.240983851345549,7.279657008103978,7.8367829510052305
2025-10-09 15:46:00,1,AATB,3.375713628187964,3.468183227050525,7.182297499195251,7.804316823974535
2025-10-10 05:50:00,1,KERG,3.4890470249327428,3.4890470249327428,5.091111628018554,5.091111628018554
2025-10-11 20:39:00,2,"AATB,KERG",3.04535560148058,3.858978527649259,6.032302924186924,7.479710824559655
2025-10-13 07:12:00,1,KERG,2.9846194145203886,2.9846194145203886,4.844381265619749,4.844381265619749
2025-10-15 04:46:00,1,MXCO,6.270969722139279,6.270969722139279,14.234174883987784,14.234174883987784
2025-10-18 00:34:00,1,INVK,4.598146900610288,4.598146900610288,4.556243161643276,4.556243161643276
2025-10-24 12:30:00,1,LMKS,2.7958296425321287,2.7958296425321287,5.570510409815251,5.570510409815251
2025-10-27 02:52:00,1,DOMC,8.377465970703216,8.377465970703216,4.14476312550302,4.14476312550302
2025-10-29 18:06:00,1,INVK,3.683227870536947,3.683227870536947,5.88911172699208,5.88911172699208
2025-11-01 09:56:00,2,"INVK,KERG",3.3934630834494257,3.5473759199847787,5.631161440692012,7.451102607792033
2025-11-02 12:58:00,1,INVK,3.099412217724913,3.119538813067664,5.433278608430918,6.424561792421206
2025-11-06 15:12:00,1,INVK,2.3022567618324983,2.4095904489129145,4.851431975732847,5.217583283263196
2025-11-07 16:59:00,2,"AATB,OULU",3.3190913033700618,3.9527256255249568,6.497745442246384,6.867106309074217
2025-11-10 12:54:00,3,"APTY,LMKS,OULU",2.7312738014980824,3.2186106298084,5.062287724684183,5.875558977876334
2025-11-12 11:45:00,2,"APTY,MXCO",7.772782419874421,12.430176425745614,7.700001236112003,8.254484367797735
2025-11-14 01:50:00,1,JUNG1,2.0815753077653008,2.0815753077653008,7.174041194699655,7.174041194699655
